|news_id|news_title|subtitle|text
0|3269792|–¢–∏–∑–µ—Ä-–ø–æ—Å—Ç–µ—Ä ¬´–ê–ª–∞–¥–¥–∏–Ω–∞¬ª: –í—ã–ø—É—Å—Ç–∏—Ç–µ –¥–∂–∏–Ω–Ω–∞|–£–∏–ª–ª –°–º–∏—Ç –ø–æ–¥–µ–ª–∏–ª—Å—è –ø–µ—Ä–≤—ã–º –ø–æ—Å—Ç–µ—Ä–æ–º –Ω–æ–≤–æ–≥–æ —Ñ–∏–ª—å–º–∞ –ì–∞—è –†–∏—á–∏.|['                –ò—Å–ø–æ–ª–Ω–∏—Ç–µ–ª—å —Ä–æ–ª–∏ –¥–∂–∏–Ω–Ω–∞ –£–∏–ª–ª –°–º–∏—Ç –æ–ø—É–±–ª–∏–∫–æ–≤–∞–ª –≤ —Å–æ—Ü—Å–µ—Ç—è—Ö —Ç–∏–∑–µ—Ä-–ø–æ—Å—Ç–µ—Ä –∏–≥—Ä–æ–≤–æ–≥–æ —Ä–µ–º–µ–π–∫–∞ –º—É–ª—å—Ç—Ñ–∏–ª—å–º–∞ —Å—Ç—É–¥–∏–∏ Disney ¬´–ê–ª–∞–¥–¥–∏–Ω¬ª. ¬´–í—ã–ø—É—Å—Ç–∏—Ç–µ –º–µ–Ω—è! –ñ–¥—É –Ω–µ –¥–æ–∂–¥—É—Å—å, –∫–æ–≥–¥–∞ –≤—ã —É–≤–∏–¥–∏—Ç–µ –º–µ–Ω—è –≤ —Å–∏–Ω–µ–º —Ü–≤–µ—Ç–µ¬ª, ‚Äî –Ω–∞–ø–∏—Å–∞–ª –∞–∫—Ç–µ—Ä.', '', '–ì–ª–∞–≤–Ω—ã–µ —Ä–æ–ª–∏ –≤ —Ñ–∏–ª—å–º–µ –∏—Å–ø–æ–ª–Ω–∏–ª–∏ –ú–µ–Ω–∞ –ú–∞—Å—Å—É–¥ –∏ –ù–∞–æ–º–∏ –°–∫–æ—Ç—Ç. ¬´–ê–ª–∞–¥–¥–∏–Ω¬ª –ì–∞—è –†–∏—á–∏ ‚Äî –∏–≥—Ä–æ–≤–∞—è –≤–µ—Ä—Å–∏—è –∫–ª–∞—Å—Å–∏—á–µ—Å–∫–æ–≥–æ –º—É–ª—å—Ç—Ñ–∏–ª—å–º–∞ 1992 –≥–æ–¥–∞. –í –Ω–µ–º —Ä–∞—Å—Å–∫–∞–∑—ã–≤–∞–ª–æ—Å—å –æ–± —É–ª–∏—á–Ω–æ–º –≤–æ—Ä–∏—à–∫–µ, –∫–æ—Ç–æ—Ä–æ–≥–æ –±–ª–∏–∑–∫–∏–π –∫ —Å—É–ª—Ç–∞–Ω—É —á–µ—Ä–Ω—ã–π –º–∞–≥ –î–∂–∞—Ñ–∞—Ä –Ω–∞–Ω—è–ª, —á—Ç–æ–±—ã —É–∫—Ä–∞—Å—Ç—å –≤–æ–ª—à–µ–±–Ω—É—é –ª–∞–º–ø—É. –í –Ω–µ–π –∑–∞—Ç–æ—á–µ–Ω —Ä–∞–∑–≥–æ–≤–æ—Ä—á–∏–≤—ã–π –¥–∂–∏–Ω–Ω, –≤—ã–ø–æ–ª–Ω—è—é—â–∏–π –∂–µ–ª–∞–Ω–∏—è. –ê–Ω–∏–º–∞—Ü–∏–æ–Ω–Ω–∞—è –ª–µ–Ω—Ç–∞ —Å–æ–±—Ä–∞–ª–∞ –≤ –ø—Ä–æ–∫–∞—Ç–µ –ø–æ–ª–º–∏–ª–ª–∏–∞—Ä–¥–∞ –¥–æ–ª–ª–∞—Ä–æ–≤ –∏ –ø–æ–ª—É—á–∏–ª–∞ –¥–≤–µ –ø—Ä–µ–º–∏–∏ ¬´–û—Å–∫–∞—Ä¬ª.', '¬´–ê–ª–∞–¥–¥–∏–Ω¬ª –≤—ã–π–¥–µ—Ç –≤ –ø—Ä–æ–∫–∞—Ç 22 –º–∞—è 2019 –≥–æ–¥–∞.', '']
1|3269718|–°–æ–∑–¥–∞—Ç–µ–ª–∏ —Å–µ—Ä–∏–∞–ª–∞ ¬´–í–µ–¥—å–º–∞–∫¬ª –≤—ã–±—Ä–∞–ª–∏ –∞–∫—Ç—Ä–∏—Å –Ω–∞ —Ä–æ–ª–∏ –¶–∏—Ä–∏ –∏ –ô–µ–Ω–Ω–∏—Ñ—ç—Ä|–ü–æ–ø–æ–ª–Ω–∏–ª—Å—è –∞–∫—Ç–µ—Ä—Å–∫–∏–π —Å–æ—Å—Ç–∞–≤ —ç–∫—Ä–∞–Ω–∏–∑–∞—Ü–∏–∏ —Ä–æ–º–∞–Ω–æ–≤ –ê–Ω–¥–∂–µ—è –°–∞–ø–∫–æ–≤—Å–∫–æ–≥–æ.|['–§—Ä–µ–π—è –ê–ª–ª–∞–Ω (¬´–í –ø—É—Å—Ç—ã–Ω–µ —Å–º–µ—Ä—Ç–∏¬ª) –∏ –ê–Ω—è –ß–∞–ª–æ—Ç—Ä–∞ (¬´–ñ–∞–∂–¥–∞ —Å—Ç—Ä–∞–Ω—Å—Ç–≤–∏–π¬ª) –ø—Ä–∏–º—É—Ç —É—á–∞—Å—Ç–∏–µ –≤ —Å—ä–µ–º–∫–∞—Ö —Ñ—ç–Ω—Ç–µ–∑–∏-—Å–µ—Ä–∏–∞–ª–∞ ¬´–í–µ–¥—å–º–∞–∫¬ª, —ç–∫—Ä–∞–Ω–∏–∑–∞—Ü–∏–∏ –ø—Ä–∏–∫–ª—é—á–µ–Ω—á–µ—Å–∫–∏—Ö —Ä–æ–º–∞–Ω–æ–≤ –ê–Ω–¥–∂–µ—è –°–∞–ø–∫–æ–≤—Å–∫–æ–≥–æ. –ê–∫—Ç—Ä–∏—Å—ã —Å—ã–≥—Ä–∞—é—Ç –¶–∏—Ä–∏ –∏ –ô–µ–Ω–Ω–∏—Ñ—ç—Ä —Å–æ–æ—Ç–≤–µ—Ç—Å—Ç–≤–µ–Ω–Ω–æ.', '–í —Å–µ—Ä–∏–∞–ª–µ —Ç–∞–∫–∂–µ —Å–Ω–∏–º—É—Ç—Å—è –î–∂–æ–¥–∏ –ú—ç–π (¬´–ò–≥—Ä–∞ –ø—Ä–µ—Å—Ç–æ–ª–æ–≤¬ª), –ë—å–µ—Ä–Ω –•–ª–∏–Ω—É—Ä –•–∞—Ä–∞–ª—å–¥—Å—Å–æ–Ω (¬´–§–æ—Ä—Ç–∏—Ç—å—é–¥¬ª), –ê–¥–∞–º –õ–µ–≤–∏ (¬´–ü–∞–¥–µ–Ω–∏–µ –û—Ä–¥–µ–Ω–∞¬ª), –ú–∞–π–ê–Ω–Ω–∞ –ë—ë—Ä–∏–Ω–≥ (¬´–î–æ–∫—Ç–æ—Ä –ö—Ç–æ¬ª), –ú–∏–º–∏ –î–∏–≤–µ–Ω–∏ (¬´–ú–∏—Å—Ç–µ—Ä –°–µ–ª—Ñ—Ä–∏–¥–∂¬ª) –∏ –ú–∏–ª–ª–∏ –ë—Ä—ç–π–¥–∏ (¬´–ü–æ—Å–ª–µ–¥–Ω–µ–µ –∫–æ—Ä–æ–ª–µ–≤—Å—Ç–≤–æ¬ª).', '–§—Ä–µ–π—è –ê–ª–ª–∞–Ω / –§–æ—Ç–æ: IMDb; –ê–Ω—è –ß–∞–ª–æ—Ç—Ä–∞ / –§–æ—Ç–æ: thestage.co.uk ', '–ì–µ–Ω—Ä–∏ –ö–∞–≤–∏–ª–ª —Å—ã–≥—Ä–∞–µ—Ç –≤ –ø—Ä–æ–µ–∫—Ç–µ –≥–ª–∞–≤–Ω—É—é —Ä–æ–ª—å ‚Äî –ì–µ—Ä–∞–ª—å—Ç–∞ –∏–∑ –†–∏–≤–∏–∏, –æ—Ö–æ—Ç–Ω–∏–∫–∞ –Ω–∞ –º–æ–Ω—Å—Ç—Ä–æ–≤.', '–ù–∞–¥ –∞–¥–∞–ø—Ç–∞—Ü–∏–µ–π —Ä–æ–º–∞–Ω–æ–≤ –°–∞–ø–∫–æ–≤—Å–∫–æ–≥–æ —Ä–∞–±–æ—Ç–∞–µ—Ç –õ–æ—Ä–µ–Ω –®–º–∏–¥—Ç, —Å—Ü–µ–Ω–∞—Ä–∏—Å—Ç–∫–∞ —Å–µ—Ä–∏–∞–ª–æ–≤ ¬´–ó–∞–ø–∞–¥–Ω–æ–µ –∫—Ä—ã–ª–æ¬ª, ¬´–°–æ—Ä–≤–∏–≥–æ–ª–æ–≤–∞¬ª –∏ ¬´–ß–∞—Å—Ç–Ω–∞—è –ø—Ä–∞–∫—Ç–∏–∫–∞¬ª. –û–Ω–∞ –∂–µ –≤—ã—Å—Ç—É–ø–∞–µ—Ç –≤ –∫–∞—á–µ—Å—Ç–≤–µ –ø—Ä–æ–¥—é—Å–µ—Ä–∞ –∏ —à–æ—É—Ä–∞–Ω–Ω–µ—Ä–∞ –ø—Ä–æ–µ–∫—Ç–∞ Netflix.', '–¶–∏—Ä–∏, —Ç–∞–∫–∂–µ –∏–∑–≤–µ—Å—Ç–Ω–∞—è –∫–∞–∫ –¶–∏—Ä–∏–ª–ª–∞, –≤ —Ü–∏–∫–ª–µ –°–∞–ø–∫–æ–≤—Å–∫–æ–≥–æ —è–≤–ª—è–µ—Ç—Å—è –∫–æ—Ä–æ–ª–µ–≤–æ–π –¶–∏–Ω—Ç—Ä—ã –∏ –æ–±–ª–∞–¥–∞–µ—Ç –¥–ª–∏–Ω–Ω—ã–º —Å–ø–∏—Å–∫–æ–º —Ä–∞–∑–Ω–æ–æ–±—Ä–∞–∑–Ω—ã—Ö —Ç–∏—Ç—É–ª–æ–≤. –í –¥–µ—Ç—Å—Ç–≤–µ –æ–Ω–∞ –ø–æ–ø–∞–ª–∞ –∫ –ì–µ—Ä–∞–ª—å—Ç—É, –∫–æ—Ç–æ—Ä—ã–π –≤–æ—Å–ø–∏—Ç–∞–ª –¥–µ–≤–æ—á–∫—É –ø–æ –ø—Ä–∞–≤–∏–ª–∞–º –≤–µ–¥—å–º–∞–∫–æ–≤. –í–ø–æ—Å–ª–µ–¥—Å—Ç–≤–∏–∏ –≤—ã—è—Å–Ω–∏–ª–æ—Å—å, —á—Ç–æ –≤ –µ–µ –∂–∏–ª–∞—Ö —Ç–µ—á–µ—Ç –°—Ç–∞—Ä—à–∞—è –∫—Ä–æ–≤—å, –∞ –µ–µ —Ä–µ–±–µ–Ω–æ–∫ –º–æ–∂–µ—Ç —Å—Ç–∞—Ç—å –ú—Å—Ç–∏—Ç–µ–ª–µ–º –∏ —É–Ω–∏—á—Ç–æ–∂–∏—Ç—å –∑–Ω–∞–∫–æ–º—ã–π –º–∏—Ä.', '–ô–µ–Ω–Ω–∏—Ñ—ç—Ä –∏–∑ –í–µ–Ω–≥–µ—Ä–±–µ—Ä–≥–∞ ‚Äî —á–∞—Ä–æ–¥–µ–π–∫–∞, –≤–æ–∑–ª—é–±–ª–µ–Ω–Ω–∞—è –ì–µ—Ä–∞–ª—å—Ç–∞ –∏ –ø—Ä–∏–µ–º–Ω–∞—è –º–∞—Ç—å –¶–∏—Ä–∏. –û–¥–∏–Ω –∏–∑ –æ—Å–Ω–æ–≤–Ω—ã—Ö –ø–µ—Ä—Å–æ–Ω–∞–∂–µ–π —Ü–∏–∫–ª–∞, –æ–Ω–∞ –ø–æ—Å—Ç–æ—è–Ω–Ω–æ –ø—Ä–∏–Ω–∏–º–∞–ª–∞ —É—á–∞—Å—Ç–∏–µ –≤ –ø—Ä–∏–∫–ª—é—á–µ–Ω–∏—è—Ö –≤–µ–¥—å–º–∞–∫–∞ –∏ –Ω–µ–æ–¥–Ω–æ–∫—Ä–∞—Ç–Ω–æ –ø–æ–º–æ–≥–∞–ª–∞ –ì–µ—Ä–∞–ª—å—Ç—É.', '–í –ø—Ä–æ—à–ª–æ–º –º–µ—Å—è—Ü–µ –≤ —Å–µ—Ç–∏ –ø–æ—è–≤–∏–ª–∞—Å—å –∏–Ω—Ñ–æ—Ä–º–∞—Ü–∏—è, —á—Ç–æ —Å–æ–∑–¥–∞—Ç–µ–ª–∏ —Å–µ—Ä–∏–∞–ª–∞ —Ö–æ—Ç—è—Ç –ø—Ä–∏–≥–ª–∞—Å–∏—Ç—å –Ω–∞ —Ä–æ–ª—å –¶–∏—Ä–∏ —Ç–µ–º–Ω–æ–∫–æ–∂—É—é –∏–ª–∏ –∞–∑–∏–∞—Ç—Å–∫—É—é –∞–∫—Ç—Ä–∏—Å—É. –ù–æ–≤–æ—Å—Ç—å –≤—ã–∑–≤–∞–ª–∞ —Å—Ä–µ–¥–∏ —Ñ–∞–Ω–∞—Ç–æ–≤ –°–∞–ø–∫–æ–≤—Å–∫–æ–≥–æ –≤—Å–ø–ª–µ—Å–∫ –Ω–µ–≥–∞—Ç–∏–≤–∞, –ø–æ—Å–ª–µ –∫–æ—Ç–æ—Ä–æ–≥–æ –®–º–∏–¥—Ç –ø—Ä–∏—à–ª–æ—Å—å –≤—Ä–µ–º–µ–Ω–Ω–æ –æ—Å—Ç–∞–≤–∏—Ç—å Twitter.', '¬´–í–µ–¥—å–º–∞–∫¬ª ‚Äî —Ü–∏–∫–ª –∫–Ω–∏–≥ –≤ –∂–∞–Ω—Ä–µ —Ç–µ–º–Ω–æ–≥–æ —Ñ—ç–Ω—Ç–µ–∑–∏. –ü–µ—Ä–≤—ã–π —Ä–∞—Å—Å–∫–∞–∑ —Å–µ—Ä–∏–∏ —É–≤–∏–¥–µ–ª —Å–≤–µ—Ç –≤ 1986 –≥–æ–¥—É, –∞ –ø–æ—Å–ª–µ–¥–Ω–∏–π —Ä–æ–º–∞–Ω –≤—ã—à–µ–ª –≤ 2013 –≥–æ–¥—É. –ì–ª–∞–≤–Ω—ã–º –≥–µ—Ä–æ–µ–º —Å–µ—Ä–∏–∏ —è–≤–ª—è–µ—Ç—Å—è –ì–µ—Ä–∞–ª—å—Ç –∏–∑ –†–∏–≤–∏–∏ ‚Äî –≤–µ–¥—å–º–∞–∫, –æ—Ö–æ—Ç–Ω–∏–∫ –∑–∞ –º–æ–Ω—Å—Ç—Ä–∞–º–∏, –ø—Ä–µ–¥—Å—Ç–∞–≤–ª—è—é—â–∏–º–∏ —É–≥—Ä–æ–∑—É –¥–ª—è –∂–∏–∑–Ω–∏ –ª—é–¥–µ–π.', '–†–æ–º–∞–Ω—ã –°–∞–ø–∫–æ–≤—Å–∫–æ–≥–æ –ø–æ—Å–ª—É–∂–∏–ª–∏ –æ—Å–Ω–æ–≤–æ–π –¥–ª—è —Å–∞–º—ã—Ö —Ä–∞–∑–Ω—ã—Ö –ø—Ä–æ–∏–∑–≤–µ–¥–µ–Ω–∏–π. –ü–æ –º–æ—Ç–∏–≤–∞–º ¬´–í–µ–¥—å–º–∞–∫–∞¬ª –±—ã–ª–∏ –≤—ã–ø—É—â–µ–Ω—ã –∫–æ–º–ø—å—é—Ç–µ—Ä–Ω—ã–µ –∏ –Ω–∞—Å—Ç–æ–ª—å–Ω—ã–µ –∏–≥—Ä—ã, –Ω–∞–ø–∏—Å–∞–Ω—ã –∫–æ–º–∏–∫—Å—ã, –ø–æ—Å—Ç–∞–≤–ª–µ–Ω–∞ —Ä–æ–∫-–æ–ø–µ—Ä–∞. –í 2001 –≥–æ–¥—É –≤—ã—à–ª–∏ –ø–æ–ª–Ω–æ–º–µ—Ç—Ä–∞–∂–Ω—ã–π —Ñ–∏–ª—å–º –∏ —Å–µ—Ä–∏–∞–ª ¬´–í–µ–¥—å–º–∞–∫¬ª, –≥–¥–µ —Ä–æ–ª—å –ì–µ—Ä–∞–ª—å—Ç–∞ –∏—Å–ø–æ–ª–Ω–∏–ª –ú–∏—Ö–∞–ª –ñ–µ–±—Ä–æ–≤—Å–∫–∏–π. –ú–Ω–æ–≥–∏–µ –∫—Ä–∏—Ç–∏–∫–∏ –∏ –ø–æ–∫–ª–æ–Ω–Ω–∏–∫–∏ –∫–Ω–∏–≥ –°–∞–ø–∫–æ–≤—Å–∫–æ–≥–æ –Ω–µ –ø—Ä–∏–Ω—è–ª–∏ —ç–∫—Ä–∞–Ω–∏–∑–∞—Ü–∏—é.', '–î–∞—Ç–∞ –ø—Ä–µ–º—å–µ—Ä—ã —Å–µ—Ä–∏–∞–ª–∞ –ø–æ–∫–∞ –Ω–µ —Å–æ–æ–±—â–∞–µ—Ç—Å—è.', 'THR', '']
2|3269676|–î—ç–π–≤ –ë–∞—Ç–∏—Å—Ç–∞ –≥–æ—Ç–æ–≤ –æ—Ç–ø—Ä–∞–≤–∏—Ç—å—Å—è –≤—Å–ª–µ–¥ –∑–∞ –î–∂–µ–π–º—Å–æ–º –ì–∞–Ω–Ω–æ–º –≤ –∫–∏–Ω–æ–≤—Å–µ–ª–µ–Ω–Ω—É—é DC|–í—ã–±–æ—Ä —Å—Ç—É–¥–∏–∏ —Ç–∞–∫–∂–µ –æ–¥–æ–±—Ä–∏–ª —Ä–µ–∂–∏—Å—Å–µ—Ä –ø–µ—Ä–≤–æ–≥–æ ¬´–û—Ç—Ä—è–¥–∞ —Å–∞–º–æ—É–±–∏–π—Ü¬ª.|['–î—ç–π–≤ –ë–∞—Ç–∏—Å—Ç–∞ —Å —Ä–∞–¥–æ—Å—Ç—å—é —É—Ö–≤–∞—Ç–∏–ª—Å—è –∑–∞ –≤–æ–∑–º–æ–∂–Ω–æ—Å—Ç—å –≤–Ω–æ–≤—å –ø–æ—Ä–∞–±–æ—Ç–∞—Ç—å —Å —Ä–µ–∂–∏—Å—Å–µ—Ä–æ–º ¬´–°—Ç—Ä–∞–∂–µ–π –ì–∞–ª–∞–∫—Ç–∏–∫–∏¬ª –î–∂–µ–π–º—Å–æ–º –ì–∞–Ω–Ω–æ–º, –∫–æ—Ç–æ—Ä–æ–≥–æ Disney —É–≤–æ–ª–∏–ª–∞ –∏–∑-–∑–∞ –æ—Å–∫–æ—Ä–±–∏—Ç–µ–ª—å–Ω—ã—Ö —à—É—Ç–æ–∫ 10-–ª–µ—Ç–Ω–µ–π –¥–∞–≤–Ω–æ—Å—Ç–∏. –ê–∫—Ç–µ—Ä —É–∂–µ –≥–æ—Ç–æ–≤ —Å–Ω—è—Ç—å—Å—è –≤ —Å–∏–∫–≤–µ–ª–µ ¬´–û—Ç—Ä—è–¥–∞ —Å–∞–º–æ—É–±–∏–π—Ü¬ª, —Å—Ü–µ–Ω–∞—Ä–∏–π –∫–æ—Ç–æ—Ä–æ–≥–æ –Ω–∞–ø–∏—à–µ—Ç –ì–∞–Ω–Ω. ¬´–ì–¥–µ –ø–æ–¥–ø–∏—Å–∞—Ç—å—Å—è?¬ª ‚Äî –Ω–∞–ø–∏—Å–∞–ª –ë–∞—Ç–∏—Å—Ç–∞ –≤ Twitter –≤ —Å–≤—è–∑–∏ —Å –Ω–æ–≤–æ—Å—Ç—å—é.', '', 'Where do I sign up! James Gunn Boards ‚ÄòSuicide Squad 2‚Äô To Write And Possibly Direct ‚Äî Deadline https://t.co/OwdDbAm1Ks', '20 –∏—é–ª—è Disney —Ä–µ–∑–∫–æ —Ä–∞–∑–æ—Ä–≤–∞–ª–∞ –æ—Ç–Ω–æ—à–µ–Ω–∏—è —Å –ì–∞–Ω–Ω–æ–º, –∫–æ–≥–¥–∞ –Ω–µ—Å–∫–æ–ª—å–∫–æ –∫–æ–Ω—Å–µ—Ä–≤–∞—Ç–∏–≤–Ω–æ –Ω–∞—Å—Ç—Ä–æ–µ–Ω–Ω—ã—Ö –ø–æ–ª—å–∑–æ–≤–∞—Ç–µ–ª–µ–π –Ω–∞—à–ª–∏ –≤ Twitter —Ä–µ–∂–∏—Å—Å–µ—Ä–∞ —Å—Ç–∞—Ä—ã–µ –∑–∞–ø–∏—Å–∏, –≥–¥–µ –æ–Ω —à—É—Ç–∏—Ç –Ω–∞ —Ç–µ–º—É —Å–µ–∫—Å—É–∞–ª—å–Ω–æ–≥–æ –Ω–∞—Å–∏–ª–∏—è –∏ –ø–µ–¥–æ—Ñ–∏–ª–∏–∏. –ü–æ–¥—Ä–æ–±–Ω–µ–µ –æ —Ç–æ–º, –∫–∞–∫ —Ä–∞–∑–≤–∏–≤–∞–ª–∞—Å—å –∏—Å—Ç–æ—Ä–∏—è –≤–æ–∫—Ä—É–≥ –ø–æ—Å—Ç–∞–Ω–æ–≤—â–∏–∫–∞, –ö–∏–Ω–æ–ü–æ–∏—Å–∫ —Ä–∞—Å—Å–∫–∞–∑—ã–≤–∞–ª –∑–¥–µ—Å—å.', '–ë–∞—Ç–∏—Å—Ç–∞ –Ω–µ—É—Å—Ç–∞–Ω–Ω–æ –ø–æ–¥–¥–µ—Ä–∂–∏–≤–∞–ª –ì–∞–Ω–Ω–∞ –∏ —É–∂–µ –≥–æ—Ç–æ–≤–∏–ª—Å—è –æ—Å—Ç–∞–≤–∏—Ç—å –∫–∏–Ω–æ–≤—Å–µ–ª–µ–Ω–Ω—É—é Marvel, –ª–∏—à—å –±—ã –±–æ–ª—å—à–µ –Ω–µ —Ä–∞–±–æ—Ç–∞—Ç—å —Å Disney. ¬´‚Äû–°—Ç—Ä–∞–∂–∏‚Äú –±–µ–∑ –î–∂–µ–π–º—Å–∞ –ì–∞–Ω–Ω–∞ ‚Äî —ç—Ç–æ –Ω–µ ‚Äû–°—Ç—Ä–∞–∂–∏‚Äú¬ª, ‚Äî –Ω–∞–ø–∏—Å–∞–ª –∞–∫—Ç–µ—Ä –∏ –ø—Ä–∏–∑–Ω–∞–ª—Å—è, —á—Ç–æ —Å–Ω–∏–º–∞—Ç—å—Å—è –≤ —Ç—Ä–µ—Ç—å–µ–º —Ñ–∏–ª—å–º–µ –±–µ–∑ –ì–∞–Ω–Ω–∞ –±—É–¥–µ—Ç –Ω–µ–ø—Ä–∏—è—Ç–Ω–æ.', '–ù–µ—Å–º–æ—Ç—Ä—è –Ω–∞ —Å–∫–∞–Ω–¥–∞–ª, –º–Ω–æ–≥–∏–µ –≥–æ–ª–ª–∏–≤—É–¥—Å–∫–∏–µ —Å—Ç—É–¥–∏–∏ –±—ã–ª–∏ –≥–æ—Ç–æ–≤—ã —Å–æ—Ç—Ä—É–¥–Ω–∏—á–∞—Ç—å —Å —Ä–µ–∂–∏—Å—Å–µ—Ä–æ–º. –í –∏—Ç–æ–≥–µ Warner –ø—Ä–∏–≥–ª–∞—Å–∏–ª–∞ –ì–∞–Ω–Ω–∞ –¥–ª—è —Ä–∞–±–æ—Ç—ã –Ω–∞–¥ —Å—Ü–µ–Ω–∞—Ä–∏–µ–º ¬´–û—Ç—Ä—è–¥–∞ —Å–∞–º–æ—É–±–∏–π—Ü 2¬ª. –¢–∞–∫–∂–µ –æ–Ω –º–æ–∂–µ—Ç –∑–∞–Ω—è—Ç—å —Ä–µ–∂–∏—Å—Å–µ—Ä—Å–∫–æ–µ –∫—Ä–µ—Å–ª–æ –∫–∞—Ä—Ç–∏–Ω—ã, —Ç–∞–∫ –∫–∞–∫ –ì—ç–≤–∏–Ω –û‚Äô–ö–æ–Ω–Ω–æ—Ä, –∑–∞–Ω–∏–º–∞–≤—à–∏–π –ø–æ—Å—Ç –¥–æ —ç—Ç–æ–≥–æ, —Ä–µ—à–∏–ª –ø–µ—Ä–µ–∫–ª—é—á–∏—Ç—å—Å—è –Ω–∞ —Ñ–∏–ª—å–º Torrance —Å –ë–µ–Ω–æ–º –ê—Ñ—Ñ–ª–µ–∫–æ–º.', '–î—ç–≤–∏–¥ –≠–π—Ä, —Ä–µ–∂–∏—Å—Å–µ—Ä –ø–µ—Ä–≤–æ–≥–æ ¬´–û—Ç—Ä—è–¥–∞ —Å–∞–º–æ—É–±–∏–π—Ü¬ª, —Å—á–∏—Ç–∞–µ—Ç, —á—Ç–æ —Å—Ç—É–¥–∏—è —Å–¥–µ–ª–∞–ª–∞ –æ—á–µ–Ω—å –ø—Ä–∞–≤–∏–ª—å–Ω—ã–π –≤—ã–±–æ—Ä, –ø—Ä–∏–≥–ª–∞—Å–∏–≤ –≤ –ø—Ä–æ–µ–∫—Ç –∞–≤—Ç–æ—Ä–∞ ¬´–°—Ç—Ä–∞–∂–µ–π –ì–∞–ª–∞–∫—Ç–∏–∫–∏¬ª.', '¬´–ú–Ω–µ –∫–∞–∂–µ—Ç—Å—è, –¥–ª—è —Å—Ç—É–¥–∏–∏ —ç—Ç–æ –Ω–µ–≤–µ—Ä–æ—è—Ç–Ω–æ —Å–º–µ–ª—ã–π –∏ —É–º–Ω—ã–π —Ö–æ–¥, ‚Äî –Ω–∞–ø–∏—Å–∞–ª –≠–π—Ä –≤ Twitter. ‚Äî –î–∂–µ–π–º—Å ‚Äî –∏–¥–µ–∞–ª—å–Ω—ã–π –∫–∞–Ω–¥–∏–¥–∞—Ç¬ª.', '', 'I think it‚Äôs an incredibly brave and smart move by the studio. James is the right man for the job! https://t.co/KaVD3dQosR', '–°–æ–≥–ª–∞—Å–Ω–æ –∏—Å—Ç–æ—á–Ω–∏–∫–∞–º, –Ω–æ–≤—ã–π ¬´–û—Ç—Ä—è–¥ —Å–∞–º–æ—É–±–∏–π—Ü¬ª –º–æ–∂–µ—Ç —Å—Ç–∞—Ç—å –Ω–µ –ø—Ä–æ—Å—Ç–æ —Å–∏–∫–≤–µ–ª–æ–º, –Ω–æ –ø–æ–ª–Ω–æ—Ü–µ–Ω–Ω—ã–º –ø–µ—Ä–µ–∑–∞–ø—É—Å–∫–æ–º. –ü—Ä–∏ –ø–æ–º–æ—â–∏ –ì–∞–Ω–Ω–∞, –æ—Ç–º–µ—á–∞—é—Ç –∏–Ω—Å–∞–π–¥–µ—Ä—ã, —Å—Ç—É–¥–∏—è —Ö–æ—á–µ—Ç –≤–¥–æ—Ö–Ω—É—Ç—å –≤ –∫–æ–º–∞–Ω–¥—É —Å—É–ø–µ—Ä–∑–ª–æ–¥–µ–µ–≤ –Ω–æ–≤—É—é –∂–∏–∑–Ω—å. –ü–µ—Ä–≤—ã–π —Ñ–∏–ª—å–º –ø–æ–∫–∞–∑–∞–ª –≤ –ø—Ä–æ–∫–∞—Ç–µ –Ω–µ–ø–ª–æ—Ö–æ–π —Ä–µ–∑—É–ª—å—Ç–∞—Ç (748 –º–ª–Ω –¥–æ–ª–ª–∞—Ä–æ–≤ –ø—Ä–∏ –±—é–¥–∂–µ—Ç–µ –≤ 175 –º–ª–Ω –¥–æ–ª–ª–∞—Ä–æ–≤), –Ω–æ –æ–±–∏–ª–∏–µ –Ω–µ–≥–∞—Ç–∏–≤–Ω–æ–π –∫—Ä–∏—Ç–∏–∫–∏ –∑–∞—Å—Ç–∞–≤–∏–ª–æ Warner –∏—Å–∫–∞—Ç—å –Ω–∞–ø—Ä–∞–≤–ª–µ–Ω–∏–µ –¥–ª—è –≤—Å–µ–π —Å–µ—Ä–∏–∏.', '–î–∞—Ç–∞ –ø—Ä–µ–º—å–µ—Ä—ã ¬´–û—Ç—Ä—è–¥–∞ —Å–∞–º–æ—É–±–∏–π—Ü 2¬ª –ø–æ–∫–∞ –Ω–µ —Å–æ–æ–±—â–∞–µ—Ç—Å—è.', '–ü–æ–¥–ø–∏—Å—ã–≤–∞–π—Ç–µ—Å—å –Ω–∞ –∫–∞–Ω–∞–ª –ö–∏–Ω–æ–ü–æ–∏—Å–∫–∞ –≤ ¬´–Ø–Ω–¥–µ–∫—Å.–î–∑–µ–Ω¬ª, —á—Ç–æ–±—ã –±—ã—Ç—å –≤ –∫—É—Ä—Å–µ –≤—Å–µ—Ö —Å–∞–º—ã—Ö –≤–∞–∂–Ω—ã—Ö –Ω–æ–≤–æ—Å—Ç–µ–π –∏–∑ –º–∏—Ä–∞ –∫–∏–Ω–æ –∏ —Å–µ—Ä–∏–∞–ª–æ–≤.', '']
3|3269556|–¢—Ä–µ–π–ª–µ—Ä ¬´–ö–ª–∞–¥–±–∏—â–∞ –¥–æ–º–∞—à–Ω–∏—Ö –∂–∏–≤–æ—Ç–Ω—ã—Ö¬ª: –ù–µ —Ç—Ä–µ–≤–æ–∂—å—Ç–µ –º–µ—Ä—Ç–≤—ã—Ö|–≠–∫—Ä–∞–Ω–∏–∑–∞—Ü–∏—è —Ä–æ–º–∞–Ω–∞ –°—Ç–∏–≤–µ–Ω–∞ –ö–∏–Ω–≥–∞ –æ–∂–∏–¥–∞–µ—Ç—Å—è –≤ –∫–∏–Ω–æ—Ç–µ–∞—Ç—Ä–∞—Ö –≤ 2019 –≥–æ–¥—É.|['                –î–æ–∫—Ç–æ—Ä –õ—É–∏—Å –ö—Ä–∏–¥ (–î–∂–µ–π—Å–æ–Ω –ö–ª–∞—Ä–∫) –≤–º–µ—Å—Ç–µ —Å –∂–µ–Ω–æ–π –∏ –¥–≤—É–º—è –¥–µ—Ç—å–º–∏ –ø–µ—Ä–µ–µ–∑–∂–∞–µ—Ç –∏–∑ –ß–∏–∫–∞–≥–æ –≤ –º–∞–ª–µ–Ω—å–∫–∏–π –≥–æ—Ä–æ–¥–æ–∫ –õ–∞–¥–ª–æ—É –≤ —à—Ç–∞—Ç–µ –ú—ç–Ω. –¢–∞–º –æ–Ω –±—ã—Å—Ç—Ä–æ —É–∑–Ω–∞–µ—Ç –æ —Å—Ç—Ä–∞–Ω–Ω–æ–º –∫–ª–∞–¥–±–∏—â–µ, –≥–¥–µ –º–µ—Å—Ç–Ω—ã–µ –¥–µ—Ç–∏ —Ö–æ—Ä–æ–Ω—è—Ç —Å–≤–æ–∏—Ö –¥–æ–º–∞—à–Ω–∏—Ö –∂–∏–≤–æ—Ç–Ω—ã—Ö. –° —ç—Ç–∏–º –º–µ—Å—Ç–æ–º —Å–≤—è–∑–∞–Ω—ã —Å—Ç—Ä–∞–Ω–Ω—ã–µ –∏—Å—Ç–æ—Ä–∏–∏, –∏ –ö—Ä–∏–¥–∞ –ø—Ä–µ–¥—É–ø—Ä–µ–∂–¥–∞—é—Ç, —á—Ç–æ –Ω–µ —Å—Ç–æ–∏—Ç —Ç—É–¥–∞ –ª–∏—à–Ω–∏–π —Ä–∞–∑ —Ö–æ–¥–∏—Ç—å.', '–í —Å–∫–æ—Ä–æ–º –≤—Ä–µ–º–µ–Ω–∏ —Å–ª—É—á–∞–µ—Ç—Å—è –≥–æ—Ä–µ: –ø–æ–¥ –∫–æ–ª–µ—Å–∞–º–∏ –≥—Ä—É–∑–æ–≤–∏–∫–∞ –≥–∏–±–Ω–µ—Ç –¥–æ–º–∞—à–Ω–∏–π –∫–æ—Ç –ß–µ—Ä—á. –î–µ—Ç–∏ –±–µ–∑—É—Ç–µ—à–Ω—ã, –∏ —Å–æ—Å–µ–¥ –ö—Ä–∏–¥–∞, –¥–æ–±—Ä–æ–∂–µ–ª–∞—Ç–µ–ª—å–Ω—ã–π –î–∂–∞–¥ –ö—Ä–µ–Ω–¥–∞–ª–ª (–î–∂–æ–Ω –õ–∏—Ç–≥–æ—É), —Å–æ–≤–µ—Ç—É–µ—Ç –µ–º—É –≤—Å–µ-—Ç–∞–∫–∏ –æ—Ç–Ω–µ—Å—Ç–∏ –∂–∏–≤–æ—Ç–Ω–æ–µ –Ω–∞ —Å—Ç–∞—Ä–æ–µ –∫–ª–∞–¥–±–∏—â–µ. –ü–æ –ª–µ–≥–µ–Ω–¥–µ, –µ—Å–ª–∏ –∑–∞–∫–æ–ø–∞—Ç—å —Ç–∞–º –∫–æ–≥–æ-–ª–∏–±–æ, —Ç–æ –æ–Ω –≤—Å–∫–æ—Ä–µ –≤–µ—Ä–Ω–µ—Ç—Å—è –∂–∏–≤—ã–º. –ò –≤—Å–∫–æ—Ä–µ –ø–∏—Ç–æ–º–µ—Ü –¥–µ–π—Å—Ç–≤–∏—Ç–µ–ª—å–Ω–æ –≤–æ–∑–≤—Ä–∞—â–∞–µ—Ç—Å—è, –Ω–æ –Ω–µ —Ç–∞–∫–∏–º, –∫–∞–∫–∏–º –±—ã–ª, –∞ —è–≤–Ω–æ –∂—É—Ç–∫–∏–º –∏ –æ–∑–ª–æ–±–ª–µ–Ω–Ω—ã–º.', '–î—É–±–ª–∏—Ä–æ–≤–∞–Ω–Ω—ã–π —Ç—Ä–µ–π–ª–µ—Ä:', '', '–û—Ä–∏–≥–∏–Ω–∞–ª—å–Ω—ã–π —Ç—Ä–µ–π–ª–µ—Ä:', '', '–ü–µ—Ä–≤—ã–π –ø–æ—Å—Ç–µ—Ä:', '¬´–ö–ª–∞–¥–±–∏—â–µ –¥–æ–º–∞—à–Ω–∏—Ö –∂–∏–≤–æ—Ç–Ω—ã—Ö¬ª ‚Äî –æ–¥–∏–Ω –∏–∑ —Å–∞–º—ã—Ö –ø–æ–ø—É–ª—è—Ä–Ω—ã—Ö —Ä–æ–º–∞–Ω–æ–≤ –°—Ç–∏–≤–µ–Ω–∞ –ö–∏–Ω–≥–∞. –ò–¥–µ—è –¥–ª—è –∫–Ω–∏–≥–∏ –ø—Ä–∏—à–ª–∞ –ø–∏—Å–∞—Ç–µ–ª—é –ø–æ—Å–ª–µ –ø–æ—Ö–æ—Ä–æ–Ω –¥–æ–º–∞—à–Ω–µ–≥–æ –∫–æ—Ç–∞ –°–º–∞–∫–∏. –û–¥–Ω–∞–∫–æ –ö–∏–Ω–≥ –ø–æ—Å—á–∏—Ç–∞–ª –ø—Ä–æ–∏–∑–≤–µ–¥–µ–Ω–∏–µ –Ω–∞—Å—Ç–æ–ª—å–∫–æ –∂—É—Ç–∫–∏–º, —á—Ç–æ –ø–æ–Ω–∞—á–∞–ª—É –æ—Ç–∫–∞–∑–∞–ª—Å—è –ø—É–±–ª–∏–∫–æ–≤–∞—Ç—å –µ–≥–æ, –Ω–æ –≤ 1983 –≥–æ–¥—É —Ä–æ–º–∞–Ω –≤—Å–µ-—Ç–∞–∫–∏ –æ–∫–∞–∑–∞–ª—Å—è –Ω–∞ –ø—Ä–∏–ª–∞–≤–∫–∞—Ö –∫–Ω–∏–∂–Ω—ã—Ö –º–∞–≥–∞–∑–∏–Ω–æ–≤.', '–†–æ—Å—Å–∏–π—Å–∫–∞—è –ø—Ä–µ–º—å–µ—Ä–∞ ¬´–ö–ª–∞–¥–±–∏—â–∞ –¥–æ–º–∞—à–Ω–∏—Ö –∂–∏–≤–æ—Ç–Ω—ã—Ö¬ª —Å–æ—Å—Ç–æ–∏—Ç—Å—è 4 –∞–ø—Ä–µ–ª—è 2019 –≥–æ–¥–∞.                              ']
4|3269553|–°—Ü–µ–Ω–∞—Ä–∏—Å—Ç—ã ¬´–õ–µ—Ç–∞¬ª –Ω–∞–ø–∏—à—É—Ç —Ç—Ä–µ—Ç–∏–π —Å–µ–∑–æ–Ω ¬´–ì–µ—Ä–º–∞–Ω–∏–∏¬†83¬ª –¥–ª—è Amazon|–ú–∏—Ö–∞–∏–ª –∏ –õ–∏–ª–∏ –ò–¥–æ–≤—ã –ø—Ä–∏—Å–æ–µ–¥–∏–Ω–∏–ª–∏—Å—å –∫ —Å—Ü–µ–Ω–∞—Ä–∏—Å—Ç–∞–º –ø—Ä–æ–µ–∫—Ç–∞ –ø—Ä–æ —Ä–∞–∑–≤–µ–¥—á–∏–∫–æ–≤ –∏–∑ –ì–î–†.|['–ú–∏—Ö–∞–∏–ª –ò–¥–æ–≤ –∏ –õ–∏–ª–∏ –ò–¥–æ–≤–∞ ‚Äî —Å—Ü–µ–Ω–∞—Ä–∏—Å—Ç—ã, –∏–∑–≤–µ—Å—Ç–Ω—ã–µ –ø–æ —Å–µ—Ä–∏–∞–ª—É ¬´–û–ø—Ç–∏–º–∏—Å—Ç—ã¬ª –∏ —Ñ–∏–ª—å–º—É –ö–∏—Ä–∏–ª–ª–∞ –°–µ—Ä–µ–±—Ä–µ–Ω–Ω–∏–∫–æ–≤–∞ ¬´–õ–µ—Ç–æ¬ª ‚Äî –≤–æ—à–ª–∏ –≤ —Å–æ—Å—Ç–∞–≤ –∞–≤—Ç–æ—Ä—Å–∫–æ–π –∫–æ–º–∞–Ω–¥—ã —Å–µ—Ä–∏–∞–ª–∞ ¬´–ì–µ—Ä–º–∞–Ω–∏—è 89¬ª. –û–± —ç—Ç–æ–º –ú–∏—Ö–∞–∏–ª –ò–¥–æ–≤ —Ä–∞—Å—Å–∫–∞–∑–∞–ª –ö–∏–Ω–æ–ü–æ–∏—Å–∫—É.', '–î–µ–π—Å—Ç–≤–∏–µ —Ç—Ä–µ—Ç—å–µ–≥–æ —Å–µ–∑–æ–Ω–∞ —Å–µ—Ä–∏–∞–ª–∞ ¬´–ì–µ—Ä–º–∞–Ω–∏—è 83¬ª —Ä–∞–∑–≤–∏–≤–∞–µ—Ç—Å—è —Å–ø—É—Å—Ç—è —Ç—Ä–∏ –≥–æ–¥–∞ –ø–æ—Å–ª–µ –≤—Ç–æ—Ä–æ–≥–æ —Å–µ–∑–æ–Ω–∞, –∫–æ—Ç–æ—Ä—ã–π –Ω–∞–∑—ã–≤–∞–µ—Ç—Å—è ¬´–ì–µ—Ä–º–∞–Ω–∏—è 86¬ª, –∏ –±—É–¥–µ—Ç –ø–æ–∫–∞–∑–∞–Ω –ø–æ–¥–ø–∏—Å—á–∏–∫–∞–º —Å–µ—Ä–≤–∏—Å–∞ Amazon Prime —É–∂–µ 19 –æ–∫—Ç—è–±—Ä—è.', '–ì–ª–∞–≤–Ω—ã–π –≥–µ—Ä–æ–π, –º–æ–ª–æ–¥–æ–π —Å–æ—Ç—Ä—É–¥–Ω–∏–∫ —Ä–∞–∑–≤–µ–¥–∫–∏ –ì–î–†, –æ—Ç–ø—Ä–∞–≤–ª—è–µ—Ç—Å—è —à–ø–∏–æ–Ω–∏—Ç—å –≤ –§–†–ì, –Ω–æ –∏–∑-–∑–∞ —Ä—è–¥–∞ –æ—à–∏–±–æ–∫ –æ–∫–∞–∑—ã–≤–∞–µ—Ç—Å—è —Å–æ—Å–ª–∞–Ω –≤ –ê—Ñ—Ä–∏–∫—É. –¢–∞–º —á–∞—Å—Ç–∏—á–Ω–æ —Ä–∞–∑–≤–æ—Ä–∞—á–∏–≤–∞–µ—Ç—Å—è –¥–µ–π—Å—Ç–≤–∏–µ –≤—Ç–æ—Ä–æ–≥–æ —Å–µ–∑–æ–Ω–∞. –ó–∞—Ç–µ–º –≥–µ—Ä–æ–π —Å–Ω–æ–≤–∞ –æ–∫–∞–∑—ã–≤–∞–µ—Ç—Å—è –≤ —Ä–∞–∑–¥–µ–ª–µ–Ω–Ω–æ–º –ë–µ—Ä–ª–∏–Ω–µ, –Ω–æ –∫—É–¥–∞ –µ–≥–æ –∑–∞–Ω–µ—Å–µ—Ç –≤ 1989 –≥–æ–¥—É, –ø–æ–∫–∞ –Ω–µ —Å–æ–æ–±—â–∞–µ—Ç—Å—è.', '–ú–∏—Ö–∞–∏–ª –ò–¥–æ–≤ —Ç–∞–∫ –ø—Ä–æ–∫–æ–º–º–µ–Ω—Ç–∏—Ä–æ–≤–∞–ª —ç—Ç—É –Ω–æ–≤–æ—Å—Ç—å –¥–ª—è –ö–∏–Ω–æ–ü–æ–∏—Å–∫–∞: ¬´–ï—Å–ª–∏ –≤—ã –∞–Ω–≥–ª–æ—è–∑—ã—á–Ω—ã–π —Ç–µ–ª–µ—Å—Ü–µ–Ω–∞—Ä–∏—Å—Ç –≤ –ë–µ—Ä–ª–∏–Ω–µ, —Ç–æ Deutchland 83 ‚Äî —ç—Ç–æ –≤ —Å–∞–º–æ–º –±—É–∫–≤–∞–ª—å–Ω–æ–º —Å–º—ã—Å–ª–µ –ª—É—á—à–∞—è —Ä–∞–±–æ—Ç–∞ –≤ –≥–æ—Ä–æ–¥–µ, –∏ –º—ã –±–µ–∑—É–º–Ω–æ –≥–æ—Ä–¥—ã –æ–∫–∞–∑–∞—Ç—å—Å—è –≤ –µ–≥–æ –∞–≤—Ç–æ—Ä—Å–∫–æ–π –∫–æ–º–∞–Ω–¥–µ. –í –ø–µ—Ä–≤—É—é –æ—á–µ—Ä–µ–¥—å, –Ω–∞–º –∫–∞–∂–µ—Ç—Å—è, —ç—Ç–æ –ø—Ä–æ–∏–∑–æ—à–ª–æ –∏–∑-–∑–∞ —Å–µ—Ä–∏–∞–ª–∞ ‚Äû–û–ø—Ç–∏–º–∏—Å—Ç—ã‚Äú –∏ –Ω–∞—à–µ–π —Ä–∞–±–æ—Ç—ã –Ω–∞–¥ –Ω–∏–º. –ë–µ–∑ –Ω–µ–≥–æ –Ω–∏—á–µ–≥–æ –±—ã –Ω–µ –±—ã–ª–æ¬ª.', '–°—Ü–µ–Ω–∞—Ä–∏–π —Å–µ—Ä–∏–∞–ª–∞ –ø–∏—à–µ—Ç—Å—è –∏–∑–Ω–∞—á–∞–ª—å–Ω–æ –Ω–∞ –∞–Ω–≥–ª–∏–π—Å–∫–æ–º —è–∑—ã–∫–µ, –∞ –ø–æ—Ç–æ–º —É–∂–µ –ø–µ—Ä–µ–≤–æ–¥–∏—Ç—Å—è –Ω–∞ –Ω–µ–º–µ—Ü–∫–∏–π, –Ω–∞ –∫–æ—Ç–æ—Ä–æ–º –∏ —Å–Ω–∏–º–∞–µ—Ç—Å—è –ø—Ä–æ–µ–∫—Ç.', '']
5|3269551|Netflix –≤—ã–ø—É—Å—Ç–∏—Ç –ø–æ–ª–∏—Ç–∏—á–µ—Å–∫–∏–π —Ç—Ä–∏–ª–ª–µ—Ä –°—Ç–∏–≤–µ–Ω–∞ –°–æ–¥–µ—Ä–±–µ—Ä–≥–∞|–û–¥–Ω—É –∏–∑ –≥–ª–∞–≤–Ω—ã—Ö —Ä–æ–ª–µ–π –≤ –∫–∞—Ä—Ç–∏–Ω–µ —Å—ã–≥—Ä–∞–µ—Ç –∑–≤–µ–∑–¥–∞ ¬´–î—Ä—É–∑–µ–π¬ª –î—ç–≤–∏–¥ –®–≤–∏–º–º–µ—Ä.|['                Netflix –ø–æ–ª—É—á–∏–ª –ø—Ä–∞–≤–∞ –Ω–∞ –ø–æ–ª–∏—Ç–∏—á–µ—Å–∫–∏–π —Ç—Ä–∏–ª–ª–µ—Ä –°—Ç–∏–≤–µ–Ω–∞ –°–æ–¥–µ—Ä–±–µ—Ä–≥–∞ ¬´–ü—Ä–∞—á–µ—á–Ω–∞—è¬ª. –ì–∞—Ä–∏ –û–ª–¥–º–∞–Ω, –î—ç–≤–∏–¥ –®–≤–∏–º–º–µ—Ä, –ê–Ω—Ç–æ–Ω–∏–æ –ë–∞–Ω–¥–µ—Ä–∞—Å –∏ –ú—ç—Ä–∏–ª –°—Ç—Ä–∏–ø —Å—ã–≥—Ä–∞—é—Ç –≤ —Ñ–∏–ª—å–º–µ –≥–ª–∞–≤–Ω—ã–µ —Ä–æ–ª–∏. –°—Ü–µ–Ω–∞—Ä–∏–π –∫–∞—Ä—Ç–∏–Ω—ã, –æ—Å–Ω–æ–≤–∞–Ω–Ω—ã–π –Ω–∞ –∫–Ω–∏–≥–µ –î–∂–æ–Ω–∞ –ë–µ—Ä–Ω—Å—Ç–∞–π–Ω–∞ ¬´–ú–∏—Ä —Å–µ–∫—Ä–µ—Ç–Ω–æ—Å—Ç–∏: –ü–∞–Ω–∞–º—Å–∫–∏–µ —Ä–∞—Å—Å–ª–µ–¥–æ–≤–∞–Ω–∏—è –Ω–µ–∑–∞–∫–æ–Ω–Ω—ã—Ö –¥–µ–Ω–µ–∂–Ω—ã—Ö —Å–µ—Ç–µ–π –º–∏—Ä–æ–≤–æ–π —ç–ª–∏—Ç—ã¬ª, –Ω–∞–ø–∏—Å–∞–ª –°–∫–æ—Ç—Ç –ó. –ë—ë—Ä–Ω—Å.', '–õ–µ–Ω—Ç–∞ —Ä–∞—Å—Å–∫–∞–∂–µ—Ç –æ ¬´–ü–∞–Ω–∞–º—Å–∫–æ–º –¥–æ—Å—å–µ¬ª, —Ç–∞–∫–∂–µ –∏–∑–≤–µ—Å—Ç–Ω–æ–º –∫–∞–∫ ¬´–ü–∞–Ω–∞–º—Å–∫–∏–µ –¥–æ–∫—É–º–µ–Ω—Ç—ã¬ª –∏–ª–∏ ¬´–ü–∞–Ω–∞–º—Å–∫–∏–π –∞—Ä—Ö–∏–≤¬ª ‚Äî –º–∞—Å—Å–æ–≤–æ–π —É—Ç–µ—á–∫–µ –∫–æ–Ω—Ñ–∏–¥–µ–Ω—Ü–∏–∞–ª—å–Ω—ã—Ö –¥–æ–∫—É–º–µ–Ω—Ç–æ–≤ –ø–∞–Ω–∞–º—Å–∫–æ–π —é—Ä–∏–¥–∏—á–µ—Å–∫–æ–π –∫–æ–º–ø–∞–Ω–∏–∏ Mossack Fonseca.', '–ë–ª–∞–≥–æ–¥–∞—Ä—è —É—Ç–µ—á–∫–µ –≤ —Ä–∞—Å–ø–æ—Ä—è–∂–µ–Ω–∏–∏ –∂—É—Ä–Ω–∞–ª–∏—Å—Ç–æ–≤ –æ–∫–∞–∑–∞–ª–æ—Å—å 2,6 —Ç–µ—Ä–∞–±–∞–π—Ç–∞ –¥–æ–∫—É–º–µ–Ω—Ç–æ–≤, —Å–æ–¥–µ—Ä–∂–∞—â–∏—Ö –∏–Ω—Ñ–æ—Ä–º–∞—Ü–∏—é –æ–± –æ—Ñ—à–æ—Ä–Ω—ã—Ö —Å—á–µ—Ç–∞—Ö –º–Ω–æ–∂–µ—Å—Ç–≤–∞ –Ω—ã–Ω–µ—à–Ω–∏—Ö –∏ –±—ã–≤—à–∏—Ö –º–∏—Ä–æ–≤—ã—Ö –ª–∏–¥–µ—Ä–æ–≤, –≤—ã—Å–æ–∫–æ–ø–æ—Å—Ç–∞–≤–ª–µ–Ω–Ω—ã—Ö —á–∏–Ω–æ–≤–Ω–∏–∫–æ–≤ –∏ –∏–∑–≤–µ—Å—Ç–Ω—ã—Ö –ª—é–¥–µ–π.', '–®–≤–∏–º–º–µ—Ä –∏—Å–ø–æ–ª–Ω–∏—Ç —Ä–æ–ª—å –∞–¥–≤–æ–∫–∞—Ç–∞ –ú—ç—Ç—Ç—å—é –ö–≤–∏–∫–∞, —á—å–µ –¥–µ–ª–æ, —Å–≤—è–∑–∞–Ω–Ω–æ–µ —Å –≥–∏–±–µ–ª—å—é –ø–∞—Å—Å–∞–∂–∏—Ä–æ–≤ –ª–æ–¥–æ—á–Ω–æ–π –∫–æ–º–ø–∞–Ω–∏–∏, –ø–æ–º–æ–≥–∞–µ—Ç –≤ –∫–æ–Ω–µ—á–Ω–æ–º –∏—Ç–æ–≥–µ –æ–±–Ω–∞—Ä—É–∂–∏—Ç—å —Å–µ—Ç—å –∫–æ–º–ø–∞–Ω–∏–π-–ø—É—Å—Ç—ã—à–µ–∫ –∏ –≤—ã–π—Ç–∏ –Ω–∞ Mossack Fonseca.', '–ü–∞—Ä–∞–ª–ª–µ–ª—å–Ω–æ —Å –ø—Ä–æ–µ–∫—Ç–æ–º –°–æ–¥–µ—Ä–±–µ—Ä–≥–∞ Netflix —Ä–∞–∑—Ä–∞–±–∞—Ç—ã–≤–∞–µ—Ç —Å–æ–±—Å—Ç–≤–µ–Ω–Ω—É—é –∫–∞—Ä—Ç–∏–Ω—É –æ ¬´–ü–∞–Ω–∞–º—Å–∫–æ–º –¥–æ—Å—å–µ¬ª –Ω–∞ –æ—Å–Ω–æ–≤–µ –∫–Ω–∏–≥–∏ –Ω–µ–º–µ—Ü–∫–∏—Ö –∂—É—Ä–Ω–∞–ª–∏—Å—Ç–æ–≤ –§—Ä–µ–¥–µ—Ä–∏–∫–∞ –û–±–µ—Ä–º–∞–π–µ—Ä–∞ –∏ –ë–∞—Å—Ç—å–µ–Ω–∞ –û–±–µ—Ä–º–∞–π–µ—Ä–∞.', '–ö—Ä–æ–º–µ ¬´–ü—Ä–∞—á–µ—á–Ω–æ–π¬ª. —Å—Ç—Ä–∏–º-—Å–µ—Ä–≤–∏—Å —Ä–∞–Ω–µ–µ –≤—ã–∫—É–ø–∏–ª –ø—Ä–∞–≤–∞ –Ω–∞ —Å–ø–æ—Ä—Ç–∏–≤–Ω—É—é –¥—Ä–∞–º—É –°–æ–¥–µ—Ä–±–µ—Ä–≥–∞ ¬´–ü—Ç–∏—Ü–∞ –≤—ã—Å–æ–∫–æ–≥–æ –ø–æ–ª–µ—Ç–∞¬ª, –≤ –∫–æ—Ç–æ—Ä–æ–π —Å–Ω—è–ª–∏—Å—å –ê–Ω–¥—Ä–µ –•–æ–ª–ª–∞–Ω–¥ (¬´–ö–∞—Å–ª-–†–æ–∫¬ª), –ó–∞–∑–∏ –ë–∏—Ç—Ü (¬´–î—ç–¥–ø—É–ª 2¬ª), –ó–∞–∫–∞—Ä–∏ –ö—É–∏–Ω—Ç–æ (¬´–ó–≤–µ–∑–¥–Ω—ã–π –ø—É—Ç—å¬ª) –∏ –ö–∞–π–ª –ú–∞–∫–õ–æ–∫–ª–µ–Ω (¬´–¢–≤–∏–Ω –ü–∏–∫—Å¬ª).', 'Deadline', '']
6|3269519|–£ –∂–∏—Ç–µ–ª—è –ò–Ω–¥–∏–∏ –≤—ã—è–≤–∏–ª–∏ –∑–∞–≤–∏—Å–∏–º–æ—Å—Ç—å –æ—Ç Netflix|–°—Ç—Ä–∏–º-—Å–µ—Ä–≤–∏—Å –ø–æ–º–æ–≥–∞–µ—Ç –≤–∑—Ä–æ—Å–ª—ã–º —Å–ø—Ä–∞–≤–∏—Ç—å—Å—è —Å–æ —Å—Ç—Ä–µ—Å—Å–æ–º, —Å—á–∏—Ç–∞–µ—Ç –ø—Å–∏—Ö–æ–ª–æ–≥.|['                –ù–∞—Ü–∏–æ–Ω–∞–ª—å–Ω—ã–π –∏–Ω—Å—Ç–∏—Ç—É—Ç –ø—Å–∏—Ö–∏—á–µ—Å–∫–æ–≥–æ –∑–¥–æ—Ä–æ–≤—å—è –∏ –Ω–µ–≤—Ä–æ–ª–æ–≥–∏–∏ –ò–Ω–¥–∏–∏ –ø—Ä–∏–Ω—è–ª –ø–∞—Ü–∏–µ–Ω—Ç–∞, –∫–æ—Ç–æ—Ä—ã–π —Å—Ç—Ä–∞–¥–∞–µ—Ç –æ—Ç —Ç–∞–∫ –Ω–∞–∑—ã–≤–∞–µ–º–æ–π –∑–∞–≤–∏—Å–∏–º–æ—Å—Ç–∏ –æ—Ç Netflix. –ö–∞–∫ –ø–µ—Ä–µ–¥–∞–µ—Ç USA Today, –º—É–∂—á–∏–Ω–∞ –ª–µ–≥ –Ω–∞ –ª–µ—á–µ–Ω–∏–µ –≤ –∫–ª–∏–Ω–∏–∫—É, –∫–æ–≥–¥–∞ –≤—ã—è—Å–Ω–∏–ª, —á—Ç–æ —Ç—Ä–∞—Ç–∏—Ç –Ω–∞ –ø—Ä–æ—Å–º–æ—Ç—Ä —Å—Ç—Ä–∏–º-—Å–µ—Ä–≤–∏—Å–∞ –ø–æ —Å–µ–º—å —á–∞—Å–æ–≤ –≤ –¥–µ–Ω—å.', '–ü—Å–∏—Ö–æ–ª–æ–≥ –∏–Ω—Å—Ç–∏—Ç—É—Ç–∞ –ú–∞–Ω–æ–∂ –ö—É–º–∞–Ω –®–∞—Ä–º–∞ —Å—á–∏—Ç–∞–µ—Ç, —á—Ç–æ –ø–∞—Ü–∏–µ–Ω—Ç —Å–º–æ—Ç—Ä–µ–ª Netflix, –ø—ã—Ç–∞—è—Å—å —Å–±–µ–∂–∞—Ç—å –æ—Ç —Å–µ–º–µ–π–Ω—ã—Ö –ø—Ä–æ–±–ª–µ–º –∏ —Å–ø—Ä–∞–≤–∏—Ç—å—Å—è —Å —à–µ—Å—Ç–∏–º–µ—Å—è—á–Ω–æ–π –±–µ–∑—Ä–∞–±–æ—Ç–∏—Ü–µ–π. –ü—Ä–æ—Å–º–æ—Ç—Ä —Å–µ—Ä–∏–∞–ª–æ–≤ –∏ —Ñ–∏–ª—å–º–æ–≤ –ø—Ä–∏–Ω–æ—Å–∏–ª –µ–º—É –æ–≥—Ä–æ–º–Ω–æ–µ —É–¥–æ–≤–æ–ª—å—Å—Ç–≤–∏–µ, –Ω–æ –≤ —Ä–µ–∑—É–ª—å—Ç–∞—Ç–µ –æ–Ω —Å—Ç—Ä–∞–¥–∞–ª –æ—Ç –ø–µ—Ä–µ–Ω–∞–ø—Ä—è–∂–µ–Ω–∏—è –≥–ª–∞–∑, —É—Å—Ç–∞–ª–æ—Å—Ç–∏ –∏ –Ω–∞—Ä—É—à–µ–Ω–∏—è —Å–Ω–∞.', '–í –∫–∞—á–µ—Å—Ç–≤–µ –ª–µ—á–µ–Ω–∏—è –ø–∞—Ü–∏–µ–Ω—Ç—É –ø—Ä–æ–ø–∏—Å–∞–ª–∏ –ø—è—Ç–∏–º–∏–Ω—É—Ç–Ω—ã–µ –¥—ã—Ö–∞—Ç–µ–ª—å–Ω—ã–µ —É–ø—Ä–∞–∂–Ω–µ–Ω–∏—è, –∫–æ—Ç–æ—Ä—ã–µ –ø—Ä–∏–∑–≤–∞–Ω—ã –ø–æ–º–æ—á—å –∏–∑–±–∞–≤–∏—Ç—å—Å—è –æ—Ç —Å—Ç—Ä–µ—Å—Å–∞.', '–ó–∞–≤–∏—Å–∏–º–æ—Å—Ç—å –æ—Ç Netflix ‚Äî –ø–µ—Ä–≤—ã–π –ø–æ–¥–æ–±–Ω—ã–π —Å–ª—É—á–∞–π –≤ –º–∏—Ä–æ–≤–æ–π –ø—Ä–∞–∫—Ç–∏–∫–µ. –î–æ —ç—Ç–æ–≥–æ –í—Å–µ–º–∏—Ä–Ω–∞—è –æ—Ä–≥–∞–Ω–∏–∑–∞—Ü–∏—è –∑–¥—Ä–∞–≤–æ–æ—Ö—Ä–∞–Ω–µ–Ω–∏—è –ø—Ä–∏–∑–Ω–∞–ª–∞ –ø—Å–∏—Ö–∏—á–µ—Å–∫–∏–º —Ä–∞—Å—Å—Ç—Ä–æ–π—Å—Ç–≤–æ–º –∑–∞–≤–∏—Å–∏–º–æ—Å—Ç—å –æ—Ç –≤–∏–¥–µ–æ–∏–≥—Ä.', '¬´–ü–æ–∫–∞ –º–æ–ª–æ–¥–æ–µ –ø–æ–∫–æ–ª–µ–Ω–∏–µ –æ—Ç 8 –¥–æ 14 –ª–µ—Ç –ø—Ä–µ–¥–ø–æ—á–∏—Ç–∞–µ—Ç –∏–≥—Ä—ã, –ø—Ä–∏–ª–æ–∂–µ–Ω–∏—è –≤—Ä–æ–¥–µ Netflix –ø—Ä–∏–≤–ª–µ–∫–∞—é—Ç –≤–∑—Ä–æ—Å–ª—ã—Ö, –∫–æ—Ç–æ—Ä—ã–µ –Ω–∞—Ö–æ–¥—è—Ç –≤ –∫–æ–Ω—Ç–µ–Ω—Ç–µ —ç–º–æ—Ü–∏–æ–Ω–∞–ª—å–Ω–æ–µ —É–¥–æ–≤–ª–µ—Ç–≤–æ—Ä–µ–Ω–∏–µ, —Ç–∞–∫ –∫–∞–∫ –æ–Ω–∏ –ø–æ—Å—Ç–æ—è–Ω–Ω–æ –Ω–∞—Ö–æ–¥—è—Ç—Å—è –≤ —Å–æ—Å—Ç–æ—è–Ω–∏–∏ —Å—Ç—Ä–µ—Å—Å–∞¬ª, ‚Äî –∑–∞–º–µ—Ç–∏–ª –ø—Å–∏—Ö–æ–ª–æ–≥.', '–ê–º–µ—Ä–∏–∫–∞–Ω—Å–∫–∞—è –∫–æ–º–ø–∞–Ω–∏–∏ Sandvine, –∑–∞–Ω–∏–º–∞—é—â–∞—è—Å—è —É–ø—Ä–∞–≤–ª–µ–Ω–∏–µ–º –ø—Ä–æ–ø—É—Å–∫–Ω–æ–π —Å–ø–æ—Å–æ–±–Ω–æ—Å—Ç—å—é –≤ –∏–Ω—Ç–µ—Ä–Ω–µ—Ç–µ, –Ω–∞–∑–≤–∞–ª–∞ Netflix —Å–∞–º—ã–º –±–æ–ª—å—à–∏–º –ø–æ–∂–∏—Ä–∞—Ç–µ–ª–µ–º –¥–∞–Ω–Ω—ã—Ö –≤ –º–∏—Ä–µ —Å 15% –≤—Å–µ–≥–æ –∏–Ω—Ç–µ—Ä–Ω–µ—Ç-—Ç—Ä–∞—Ñ–∏–∫–∞. –ü–æ–ª—å–∑–æ–≤–∞—Ç–µ–ª—å —Å—Ç—Ä–∏–º-—Å–µ—Ä–≤–∏—Å–∞ –≤ —Å—Ä–µ–¥–Ω–µ–º —Å–º–æ—Ç—Ä–∏—Ç –ø–æ 50 –º–∏–Ω—É—Ç –∫–æ–Ω—Ç–µ–Ω—Ç–∞ Netflix –≤ –¥–µ–Ω—å.', 'USA Today']
7|3269281|–°—ä–µ–º–∫–∏ —Å–∏–∫–≤–µ–ª–∞ ¬´–í–æ–π–Ω—ã –º–∏—Ä–æ–≤ Z¬ª —Å—Ç–∞—Ä—Ç—É—é—Ç –ª–µ—Ç–æ–º 2019-–≥–æ|–û–∂–∏–¥–∞–µ—Ç—Å—è, —á—Ç–æ –î—ç–≤–∏–¥ –§–∏–Ω—á–µ—Ä –≤—Å–µ-—Ç–∞–∫–∏ –ø–æ—Å—Ç–∞–≤–∏—Ç –ø—Ä–æ–¥–æ–ª–∂–µ–Ω–∏–µ –∑–æ–º–±–∏-—Ç—Ä–∏–ª–ª–µ—Ä–∞.|['                –ü—Ä–æ–¥—é—Å–µ—Ä—ã –î–µ–¥–µ –ì–∞—Ä–¥–Ω–µ—Ä –∏ –î–∂–µ—Ä–µ–º–∏ –ö–ª–µ–π–Ω–µ—Ä, –ø—Ä–µ–¥—Å—Ç–∞–≤–ª—è—è –¥—Ä–∞–º—É ¬´–ö—Ä–∞—Å–∏–≤—ã–π –º–∞–ª—å—á–∏–∫¬ª, —Ä–∞—Å—Å–∫–∞–∑–∞–ª–∏ –∂—É—Ä–Ω–∞–ª–∏—Å—Ç—É Variety –æ —Å–æ—Å—Ç–æ—è–Ω–∏–∏ ¬´–í–æ–π–Ω—ã –º–∏—Ä–æ–≤ Z 2¬ª. –ü–æ –∏—Ö —Å–ª–æ–≤–∞–º, –ø—Ä–æ–µ–∫—Ç —Å–∏–∫–≤–µ–ª–∞ –≤—Å–µ –µ—â–µ —Å—É—â–µ—Å—Ç–≤—É–µ—Ç, –∏ —Å–æ–∑–¥–∞—Ç–µ–ª–∏ –ø–ª–∞–Ω–∏—Ä—É—é—Ç –ø—Ä–∏—Å—Ç—É–ø–∏—Ç—å –∫ —Å—ä–µ–º–∫–∞–º –ª–µ—Ç–æ–º 2019 –≥–æ–¥–∞.', '¬´–ú—ã –Ω–∞—á–Ω–µ–º —Å—ä–µ–º–∫–∏ –≤ –∏—é–Ω–µ, ‚Äî –≥–æ–≤–æ—Ä–∏—Ç –ì–∞—Ä–¥–Ω–µ—Ä. ‚Äî –ß—Ç–æ –µ—â–µ –≤—ã —Ö–æ—Ç–∏—Ç–µ –∑–Ω–∞—Ç—å? –ë—Ä—ç–¥ –ü–∏—Ç—Ç –≤–Ω–æ–≤—å —Å—ã–≥—Ä–∞–µ—Ç –î–∂–µ—Ä—Ä–∏ –õ—ç–π–Ω–∞. –û–Ω –≤–µ—Ä–Ω—É–ª—Å—è. –î—ç–≤–∏–¥ –§–∏–Ω—á–µ—Ä –ø–æ—Å—Ç–∞–≤–∏—Ç –∫–∞—Ä—Ç–∏–Ω—É¬ª.', '', '#BeautifulBoy producers Dede Gardner and Jeremy Kleiner give a #WorldWarZ sequel update https://t.co/uCeXloik7j pic.twitter.com/JMAAIH6xWo', '–ü—Ä–æ–¥–æ–ª–∂–µ–Ω–∏–µ ¬´–í–æ–π–Ω—ã –º–∏—Ä–æ–≤ Z¬ª —Ä–µ–≥—É–ª—è—Ä–Ω–æ —Å—Ç–∞–ª–∫–∏–≤–∞–µ—Ç—Å—è —Å –Ω–µ–ø—Ä–∏—è—Ç–Ω–æ—Å—Ç—è–º–∏. –°–∏–∫–≤–µ–ª –∑–∞–ø—É—Å—Ç–∏–ª–∏ –≤ –ø—Ä–æ–∏–∑–≤–æ–¥—Å—Ç–≤–æ –≤ 2013 –≥–æ–¥—É, –∏ –∏–∑–Ω–∞—á–∞–ª—å–Ω–æ —Ä–µ–∂–∏—Å—Å–µ—Ä—Å–∫–æ–µ –∫—Ä–µ—Å–ª–æ –¥–æ–ª–∂–µ–Ω –±—ã–ª –∑–∞–Ω—è—Ç—å –•—É–∞–Ω –ê–Ω—Ç–æ–Ω–∏–æ –ë–∞–π–æ–Ω–∞, –Ω–æ –≤ –∏—Ç–æ–≥–µ –ø–æ—Å—Ç–∞–Ω–æ–≤—â–∏–∫ –ø–µ—Ä–µ—à–µ–ª –∫ Universal, –≥–¥–µ —Å–Ω—è–ª ¬´–ú–∏—Ä –Æ—Ä—Å–∫–æ–≥–æ –ø–µ—Ä–∏–æ–¥–∞ 2¬ª. –í –∞–≤–≥—É—Å—Ç–µ 2016-–≥–æ –ü–∏—Ç—Ç –ø–æ–ø—ã—Ç–∞–ª—Å—è –ø—Ä–∏–≤–ª–µ—á—å –∫ —Ä–∞–±–æ—Ç–µ –Ω–∞–¥ —Å–∏–∫–≤–µ–ª–æ–º –§–∏–Ω—á–µ—Ä–∞, –Ω–æ —Ç–æ–≥–¥–∞ –ø–µ—Ä–µ–≥–æ–≤–æ—Ä—ã —Å –Ω–∏–º –∑–∞—à–ª–∏ –≤ —Ç—É–ø–∏–∫.', '–î–æ–ª–≥–æ–µ –≤—Ä–µ–º—è —Å–∏–∫–≤–µ–ª –∑–æ–º–±–∏-—Ç—Ä–∏–ª–ª–µ—Ä–∞ –Ω–∞—Ö–æ–¥–∏–ª—Å—è –≤ –ø–æ–¥–≤–µ—à–µ–Ω–Ω–æ–º —Å–æ—Å—Ç–æ—è–Ω–∏–∏, –∏ –±—ã–ª–æ –Ω–µ–ø–æ–Ω—è—Ç–Ω–æ, —É–≤–∏–¥–∏—Ç –æ–Ω –≤ –∫–æ–Ω–µ—á–Ω–æ–º –∏—Ç–æ–≥–µ —Å–≤–µ—Ç –∏–ª–∏ –Ω–µ—Ç. –°—É–¥—è –ø–æ –≤—Å–µ–º—É, –ø—Ä–æ–¥—é—Å–µ—Ä—ã –Ω–∞–º–µ—Ä–µ–Ω—ã –≤–æ —á—Ç–æ –±—ã —Ç–æ –Ω–∏ —Å—Ç–∞–ª–æ –¥–æ–≤–µ—Å—Ç–∏ –ø—Ä–æ–µ–∫—Ç –¥–æ –∑–∞–≤–µ—Ä—à–µ–Ω–∏—è.', '–ú–Ω–æ–≥–∏–µ —ç–∫—Å–ø–µ—Ä—Ç—ã –ø–æ–ª–∞–≥–∞–ª–∏, —á—Ç–æ –æ—Ä–∏–≥–∏–Ω–∞–ª—å–Ω–∞—è ¬´–í–æ–π–Ω–∞ –º–∏—Ä–æ–≤ Z¬ª —Å—Ç–∞–Ω–µ—Ç –¥–ª—è —Å—Ç—É–¥–∏–∏ Paramount –ø—Ä–æ–≤–∞–ª–æ–º, —É—á–∏—Ç—ã–≤–∞—è —Ç—Ä—É–¥–Ω–æ—Å—Ç–∏, —Å –∫–æ—Ç–æ—Ä—ã–º–∏ —Å—Ç–æ–ª–∫–Ω—É–ª–∞—Å—å —Å—ä–µ–º–æ—á–Ω–∞—è –≥—Ä—É–ø–ø–∞. –ö–æ–Ω—Ñ–ª–∏–∫—Ç —Ä–µ–∂–∏—Å—Å–µ—Ä–∞ –ú–∞—Ä–∫–∞ –§–æ—Ä—Å—Ç–µ—Ä–∞ —Å –ü–∏—Ç—Ç–æ–º, –ø—Ä–µ–≤—ã—à–µ–Ω–∏–µ –±—é–¥–∂–µ—Ç–∞, –ø–æ–ª–Ω–∞—è –ø–µ—Ä–µ–¥–µ–ª–∫–∞ —Ñ–∏–Ω–∞–ª–∞ ‚Äî –≤—Å–µ —ç—Ç–æ –Ω–µ –ø—Ä–µ–¥–≤–µ—â–∞–ª–æ –∫–∞—Ä—Ç–∏–Ω–µ —É—Å–ø–µ—Ö–∞. –≠–∫—Ä–∞–Ω–∏–∑–∞—Ü–∏—è —Ä–æ–º–∞–Ω–∞ –ú–∞–∫—Å–∞ –ë—Ä—É–∫—Å–∞, —Ç–µ–º –Ω–µ –º–µ–Ω–µ–µ, –∑–∞—Ä–∞–±–æ—Ç–∞–ª–∞ –≤ –ø—Ä–æ–∫–∞—Ç–µ 540 –º–ª–Ω –¥–æ–ª–ª–∞—Ä–æ–≤ –ø—Ä–∏ –∑–∞—è–≤–ª–µ–Ω–Ω–æ–º –±—é–¥–∂–µ—Ç–µ –≤ 190 –º–ª–Ω –¥–æ–ª–ª–∞—Ä–æ–≤. –ò—Å—Ç–æ—á–Ω–∏–∫–∏ —É—Ç–≤–µ—Ä–∂–¥–∞—é—Ç, —á—Ç–æ —Ä–µ–∞–ª—å–Ω—ã–µ –∑–∞—Ç—Ä–∞—Ç—ã –Ω–∞ –ø—Ä–æ–∏–∑–≤–æ–¥—Å—Ç–≤–æ –∫–∞—Ä—Ç–∏–Ω—ã —Å–æ—Å—Ç–∞–≤–∏–ª–∏ 350 –º–ª–Ω –¥–æ–ª–ª–∞—Ä–æ–≤, —á—Ç–æ –¥–µ–ª–∞–µ—Ç –ª–µ–Ω—Ç—É –≥–æ—Ä–∞–∑–¥–æ –º–µ–Ω–µ–µ —É—Å–ø–µ—à–Ω–æ–π.', '–î–∞—Ç–∞ –ø—Ä–µ–º—å–µ—Ä—ã ¬´–í–æ–π–Ω—ã –º–∏—Ä–æ–≤ Z 2¬ª –ø–æ–∫–∞ –Ω–µ —Å–æ–æ–±—â–∞–µ—Ç—Å—è.', '–ü–æ–¥–ø–∏—Å—ã–≤–∞–π—Ç–µ—Å—å –Ω–∞ –∫–∞–Ω–∞–ª –ö–∏–Ω–æ–ü–æ–∏—Å–∫–∞ –≤ Telegram, —á—Ç–æ–±—ã –±—ã—Ç—å –≤ –∫—É—Ä—Å–µ –≤—Å–µ—Ö —Å–∞–º—ã—Ö –≤–∞–∂–Ω—ã—Ö –Ω–æ–≤–æ—Å—Ç–µ–π –∏–∑ –º–∏—Ä–∞ –∫–∏–Ω–æ –∏ —Å–µ—Ä–∏–∞–ª–æ–≤.', '']
8|3269153|–î—Ä–∞–º–∞ –æ —Å–µ–∫—Å—É–∞–ª—å–Ω—ã—Ö –¥–æ–º–æ–≥–∞—Ç–µ–ª—å—Å—Ç–≤–∞—Ö –≤ Fox News –ª–∏—à–∏–ª–∞—Å—å –ø—Ä–æ–∫–∞—Ç—á–∏–∫–∞|–°—É–¥—å–±–∞ –∫–∞—Ä—Ç–∏–Ω—ã –æ–∫–∞–∑–∞–ª–∞—Å—å –ø–æ–¥ –≤–æ–ø—Ä–æ—Å–æ–º –∑–∞ –Ω–µ—Å–∫–æ–ª—å–∫–æ –¥–Ω–µ–π –¥–æ –Ω–∞—á–∞–ª–∞ —Å—ä–µ–º–æ–∫.|['                –ë–∏–æ–≥—Ä–∞—Ñ–∏—á–µ—Å–∫–∞—è –∫–∞—Ä—Ç–∏–Ω–∞ –æ –†–æ–¥–∂–µ—Ä–µ –ê–π–ª—Å–µ, –ø–µ—á–∞–ª—å–Ω–æ –∏–∑–≤–µ—Å—Ç–Ω–æ–º –æ—Å–Ω–æ–≤–∞—Ç–µ–ª–µ —Ç–µ–ª–µ—Å–µ—Ç–∏ Fox News, –Ω–µ–æ–∂–∏–¥–∞–Ω–Ω–æ –ª–∏—à–∏–ª–∞—Å—å –¥–∏—Å—Ç—Ä–∏–±—å—é—Ç–æ—Ä–∞. –ö–∏–Ω–æ–∫–æ–º–ø–∞–Ω–∏—è Annapurna Pictures –æ—Ç–∫–∞–∑–∞–ª–∞—Å—å –æ—Ç –ø—Ä–æ–µ–∫—Ç–∞. –¢–æ—á–Ω—ã–µ –ø—Ä–∏—á–∏–Ω—ã –Ω–µ –Ω–∞–∑—ã–≤–∞—é—Ç—Å—è, –Ω–æ, —Å–æ–≥–ª–∞—Å–Ω–æ –∏—Å—Ç–æ—á–Ω–∏–∫–∞–º, —Ä–µ—à–µ–Ω–∏–µ —Å–≤—è–∑–∞–Ω–æ —Å –±—é–¥–∂–µ—Ç–æ–º, –∫–æ—Ç–æ—Ä—ã–π –æ—Ü–µ–Ω–∏–≤–∞–µ—Ç—Å—è –≤ —Ä–∞–π–æ–Ω–µ 35 –º–ª–Ω –¥–æ–ª–ª–∞—Ä–æ–≤.', '–û—Ç–∫–∞–∑ –æ—Ç –∫–∞—Ä—Ç–∏–Ω—ã –æ–± –ê–π–ª—Å–µ, –≤–µ—Ä–æ—è—Ç–Ω–æ, —Ç–∞–∫–∂–µ –∏–º–µ–µ—Ç –æ—Ç–Ω–æ—à–µ–Ω–∏–µ –∫ –∏–∑–º–µ–Ω–µ–Ω–∏—è–º –≤–Ω—É—Ç—Ä–∏ Annapurna. –ß–µ–ª—Å–∏ –ë–µ—Ä–Ω–∞—Ä–¥, –∑–∞–Ω–∏–º–∞–≤—à–∞—è –ø–æ—Å—Ç –≥–ª–∞–≤—ã –∫–∏–Ω–æ–ø–æ–¥—Ä–∞–∑–¥–µ–ª–µ–Ω–∏—è –∏ –∫—É—Ä–∏—Ä–æ–≤–∞–≤—à–∞—è –ø—Ä–æ–∏–∑–≤–æ–¥—Å—Ç–≤–æ –ø—Ä–æ–µ–∫—Ç–∞, –æ—Å—Ç–∞–≤–∏–ª–∞ –∫–æ–º–ø–∞–Ω–∏—é –±–µ–∑ –æ–±—ä—è—Å–Ω–µ–Ω–∏—è –ø—Ä–∏—á–∏–Ω.', '–î–∂–µ–π –†–æ—É—á (¬´–¢—Ä–∞–º–±–æ¬ª) –ø–ª–∞–Ω–∏—Ä–æ–≤–∞–ª –ø–æ—Å—Ç–∞–≤–∏—Ç—å –∫–∞—Ä—Ç–∏–Ω—É –ø–æ —Å—Ü–µ–Ω–∞—Ä–∏—é –ß–∞—Ä–ª—å–∑–∞ –†—ç–Ω–¥–æ–ª—å—Ñ–∞ (¬´–ò–≥—Ä–∞ –Ω–∞ –ø–æ–Ω–∏–∂–µ–Ω–∏–µ¬ª). –ì–ª–∞–≤–Ω—É—é —Ä–æ–ª—å –≤ –±–µ–∑—ã–º—è–Ω–Ω–æ–º –ø—Ä–æ–µ–∫—Ç–µ –¥–æ–ª–∂–µ–Ω –±—ã–ª —Å—ã–≥—Ä–∞—Ç—å –î–∂–æ–Ω –õ–∏—Ç–≥–æ—É, –∞ –∞–∫—Ç–µ—Ä—Å–∫–∏–π —Å–æ—Å—Ç–∞–≤ –≤–∫–ª—é—á–∞–ª –≤ —Å–µ–±—è –ù–∏–∫–æ–ª—å –ö–∏–¥–º–∞–Ω, –®–∞—Ä–ª–∏–∑ –¢–µ—Ä–æ–Ω, –ú–∞—Ä–≥–æ –†–æ–±–±–∏ –∏ –ù–∞–æ–º–∏ –£–æ—Ç—Ç—Å. –ù–µ—Å–∫–æ–ª—å–∫–∏–º–∏ –¥–Ω—è–º–∏ —Ä–∞–Ω–µ–µ —Å—Ç–∞–ª–æ –∏–∑–≤–µ—Å—Ç–Ω–æ, —á—Ç–æ –ú–∞–ª–∫–æ–ª—å–º –ú–∞–∫–î–∞—É—ç–ª–ª –∏—Å–ø–æ–ª–Ω–∏—Ç —Ä–æ–ª—å –≥–ª–∞–≤—ã –∫–æ–Ω–≥–ª–æ–º–µ—Ä–∞—Ç–∞ Fox –†—É–ø–µ—Ä—Ç–∞ –ú–µ—Ä–¥–æ–∫–∞.', '–í–ø–ª–æ—Ç—å –¥–æ –∏—é–ª—è 2016 –≥–æ–¥–∞ –ê–π–ª—Å –∑–∞–Ω–∏–º–∞–ª –ø–æ—Å—Ç –≥–ª–∞–≤—ã Fox News –∏ Fox Television Stations, –Ω–æ –≤–ø–æ—Å–ª–µ–¥—Å—Ç–≤–∏–∏ –±—ã–ª –≤—ã–Ω—É–∂–¥–µ–Ω –ø–æ–∫–∏–Ω—É—Ç—å –ø–æ—Å—Ç –≤ —Å–≤—è–∑–∏ —Å –æ–±–≤–∏–Ω–µ–Ω–∏—è–º–∏ –≤ —Å–µ–∫—Å—É–∞–ª—å–Ω—ã—Ö –¥–æ–º–æ–≥–∞—Ç–µ–ª—å—Å—Ç–≤–∞—Ö. –î–æ —ç—Ç–æ–≥–æ –æ–Ω —Ä–∞–±–æ—Ç–∞–ª –∫–æ–Ω—Å—É–ª—å—Ç–∞–Ω—Ç–æ–º –ø–æ –º–µ–¥–∏–∞ –ø—Ä–∏ –†–∏—á–∞—Ä–¥–µ –ù–∏–∫—Å–æ–Ω–µ, –†–æ–Ω–∞–ª—å–¥–µ –†–µ–π–≥–∞–Ω–µ –∏ –î–∂–æ—Ä–¥–∂–µ –ë—É—à–µ-—Å—Ç–∞—Ä—à–µ–º.', '–ü–æ –¥–∞–Ω–Ω—ã–º –∏—Å—Ç–æ—á–Ω–∏–∫–æ–≤, –≤–º–µ—Å—Ç–æ Annapurna –ª–µ–Ω—Ç—É –º–æ–≥—É—Ç –ø–æ–¥—Ö–≤–∞—Ç–∏—Ç—å Focus Features, Amblin –∏–ª–∏ Participant Media.', 'THR / Variety']
9|3269152|–î—É—ç–π–Ω –î–∂–æ–Ω—Å–æ–Ω —Å—ã–≥—Ä–∞–µ—Ç –≥–µ—Ä–æ—è –∞–º–µ—Ä–∏–∫–∞–Ω—Å–∫–æ–≥–æ —Ñ–æ–ª—å–∫–ª–æ—Ä–∞|–ê–∫—Ç–µ—Ä –≤–Ω–æ–≤—å –ø–æ—Ä–∞–±–æ—Ç–∞–µ—Ç —Å —Ä–µ–∂–∏—Å—Å–µ—Ä–æ–º –ª–µ–Ω—Ç—ã ¬´–î–∂—É–º–∞–Ω–¥–∂–∏: –ó–æ–≤ –¥–∂—É–Ω–≥–ª–µ–π¬ª.|['–î—É—ç–π–Ω –î–∂–æ–Ω—Å–æ–Ω —Å–Ω–∏–º–µ—Ç—Å—è –≤ –ø—Ä–∏–∫–ª—é—á–µ–Ω—á–µ—Å–∫–æ–π –∫–∞—Ä—Ç–∏–Ω–µ ¬´–î–∂–æ–Ω –ì–µ–Ω—Ä–∏¬ª (John Henry and the Statesmen), –≥–¥–µ —Å—ã–≥—Ä–∞–µ—Ç –æ–¥–Ω–æ–≥–æ –∏–∑ —Å–∞–º—ã—Ö –∏–∑–≤–µ—Å—Ç–Ω—ã—Ö –ø–µ—Ä—Å–æ–Ω–∞–∂–µ–π —Å–æ–≤—Ä–µ–º–µ–Ω–Ω–æ–π –∞–º–µ—Ä–∏–∫–∞–Ω—Å–∫–æ–π –º–∏—Ñ–æ–ª–æ–≥–∏–∏. –î–∂–µ–π–∫ –ö—ç–∑–¥–∞–Ω (¬´–î–∂—É–º–∞–Ω–¥–∂–∏: –ó–æ–≤ –¥–∂—É–Ω–≥–ª–µ–π¬ª) –ø–æ—Å—Ç–∞–≤–∏—Ç —Ñ–∏–ª—å–º –ø–æ –æ—Ä–∏–≥–∏–Ω–∞–ª—å–Ω–æ–º—É —Å—Ü–µ–Ω–∞—Ä–∏—é –¢–æ–º–∞ –í–∏–ª–µ—Ä–∞ (¬´–õ–ï–ì–û –ù–∏–Ω–¥–∑—è–≥–æ –§–∏–ª—å–º¬ª).', '–°—Ç—Ä–∏–º-—Å–µ—Ä–≤–∏—Å Netflix –ø—Ä–æ—Ñ–∏–Ω–∞–Ω—Å–∏—Ä—É–µ—Ç –ø—Ä–æ–∏–∑–≤–æ–¥—Å—Ç–≤–æ –ø—Ä–æ–µ–∫—Ç–∞.', '–î–∂–æ–Ω –ì–µ–Ω—Ä–∏ ‚Äî —Ñ–æ–ª—å–∫–ª–æ—Ä–Ω—ã–π –≥–µ—Ä–æ–π –°–®–ê, —Ä–∞–±–æ—Ç–∞–≤—à–∏–π –ø—Ä–æ–∫–ª–∞–¥—á–∏–∫–æ–º –ø—É—Ç–µ–π. –ö–æ–≥–¥–∞ –≤–ª–∞–¥–µ–ª—å—Ü—ã –∂–µ–ª–µ–∑–Ω–æ–π –¥–æ—Ä–æ–≥–∏ —Ä–µ—à–∏–ª–∏ –∏—Å–ø–æ–ª—å–∑–æ–≤–∞—Ç—å –≤–º–µ—Å—Ç–æ –ª—é–¥–µ–π –ø–∞—Ä–æ–≤–æ–π –º–æ–ª–æ—Ç, –ì–µ–Ω—Ä–∏ –≤—ã–∑–≤–∞–ª—Å—è –Ω–∞ —Å–æ—Å—Ç—è–∑–∞–Ω–∏–µ —Å –º–∞—à–∏–Ω–æ–π ‚Äî –∫—Ç–æ –ø—Ä–æ–ª–æ–∂–∏—Ç –±–æ–ª—å—à–µ —Ä–µ–ª—å—Å–æ–≤. –í –∏—Ç–æ–≥–µ –æ–Ω –æ–¥–µ—Ä–∂–∞–ª –ø–æ–±–µ–¥—É, –Ω–æ –ø–æ–≥–∏–± –æ—Ç –∏—Å—Ç–æ—â–µ–Ω–∏—è.', '–õ–µ–≥–µ–Ω–¥–∞ –æ –ø—Ä–æ—Ç–∏–≤–æ—Å—Ç–æ—è–Ω–∏–∏ —á–µ–ª–æ–≤–µ–∫–∞ –∏ –º–∞—à–∏–Ω—ã –∑–∞—Ä–æ–¥–∏–ª–∞—Å—å –≤ XIX –≤–µ–∫–µ, –≤ –≥–æ–¥—ã –∞–∫—Ç–∏–≤–Ω–æ–≥–æ —Ä–∞–∑–≤–∏—Ç–∏—è –∂–µ–ª–µ–∑–Ω–æ–¥–æ—Ä–æ–∂–Ω—ã—Ö –ø—É—Ç–µ–π. –ù–µ–∏–∑–≤–µ—Å—Ç–Ω–æ, —Å—É—â–µ—Å—Ç–≤–æ–≤–∞–ª –ª–∏ –Ω–∞—Å—Ç–æ—è—â–∏–π –î–∂–æ–Ω –ì–µ–Ω—Ä–∏ –∏ –ø—Ä–æ–≤–æ–¥–∏–ª–æ—Å—å –ª–∏ –∫–æ–≥–¥–∞-–ª–∏–±–æ –ø–æ–¥–æ–±–Ω–æ–µ —Å–æ—Å—Ç—è–∑–∞–Ω–∏–µ, –Ω–æ –≤–ø–æ—Å–ª–µ–¥—Å—Ç–≤–∏–∏ —ç—Ç–∞ –∏—Å—Ç–æ—Ä–∏—è –Ω–µ–æ–¥–Ω–æ–∫—Ä–∞—Ç–Ω–æ –ø–æ—è–≤–ª—è–ª–∞—Å—å –≤ –ø–µ—Å–Ω—è—Ö –∏ –º—É–ª—å—Ç—Ñ–∏–ª—å–º–∞—Ö.', '–î–∂–æ–Ω—Å–æ–Ω —Å—ã–≥—Ä–∞–µ—Ç –ì–µ–Ω—Ä–∏, –∫–æ—Ç–æ—Ä—ã–π –≤—Å—Ç–∞–Ω–µ—Ç –≤–æ –≥–ª–∞–≤–µ –∫–æ–º–∞–Ω–¥—ã —Ä–∞–∑–Ω—ã—Ö —Ñ–æ–ª—å–∫–ª–æ—Ä–Ω—ã—Ö –ø–µ—Ä—Å–æ–Ω–∞–∂–µ–π, –∞–º–µ—Ä–∏–∫–∞–Ω—Å–∫–∏—Ö –∏ –Ω–µ —Ç–æ–ª—å–∫–æ.', '–í —Å–≤—è–∑–∏ —Å –æ–±—ä—è–≤–ª–µ–Ω–∏–µ–º –æ –∑–∞–ø—É—Å–∫–µ –ø—Ä–æ–µ–∫—Ç–∞ –∞–∫—Ç–µ—Ä –¥–∞–∂–µ –≤—ã–ø—É—Å—Ç–∏–ª –Ω–µ–±–æ–ª—å—à–æ–π —Ç–∏–∑–µ—Ä –ø–æ–¥ –º—É–∑—ã–∫—É –î–∂–æ–Ω–Ω–∏ –ö—ç—à–∞.', '', 'When the man comes around. Honored to play a childhood hero of mine, JOHN HENRY & his disruptive band of fellow folklore legends from around the world. @netflix are the perfect partners and platform to build. Directed by Jake Kasdan (JUMANJI). JOHN HENRY & THE STATESMEN üåéüî® pic.twitter.com/vJ0nkCYXDH', '–î–∂–æ–Ω—Å–æ–Ω –Ω–µ —Ç–æ–ª—å–∫–æ —Å—ã–≥—Ä–∞–µ—Ç –≥–ª–∞–≤–Ω—É—é —Ä–æ–ª—å, –Ω–æ –∏ —Å–ø—Ä–æ–¥—é—Å–∏—Ä—É–µ—Ç –ø—Ä–æ–µ–∫—Ç —Å–æ–≤–º–µ—Å—Ç–Ω–æ —Å –ö—ç–∑–¥–∞–Ω–æ–º.', '–ù–µ–¥–∞–≤–Ω–æ –∞–∫—Ç–µ—Ä –∑–∞–≤–µ—Ä—à–∏–ª —Å—ä–µ–º–∫–∏ –≤ –¥–∏—Å–Ω–µ–µ–≤—Å–∫–æ–π –∫–∞—Ä—Ç–∏–Ω–µ ¬´–ö—Ä—É–∏–∑ –ø–æ –¥–∂—É–Ω–≥–ª—è–º¬ª –∏ —Å–µ–π—á–∞—Å –∑–∞–Ω—è—Ç –Ω–∞ —Å—ä–µ–º–æ—á–Ω–æ–π –ø–ª–æ—â–∞–¥–∫–µ –±–æ–µ–≤–∏–∫–∞ ¬´–•–æ–±–±—Å –∏ –®–æ—É¬ª.', '–ö—ç–∑–¥–∞–Ω —Ä–∞–±–æ—Ç–∞–µ—Ç –Ω–∞–¥ –ø—Ä–æ–¥–æ–ª–∂–µ–Ω–∏–µ–º ¬´–î–∂—É–º–∞–Ω–¥–∂–∏¬ª, –∫–æ—Ç–æ—Ä–æ–µ –¥–æ–ª–∂–Ω–æ —É–≤–∏–¥–µ—Ç—å —Å–≤–µ—Ç –≤ –¥–µ–∫–∞–±—Ä–µ 2019 –≥–æ–¥–∞, –∞ –í–∏–ª–µ—Ä –∑–∞–Ω—è—Ç –≤ –∫–∞—á–µ—Å—Ç–≤–µ —à–æ—É—Ä–∞–Ω–Ω–µ—Ä–∞ —Å–µ—Ä–∏–∞–ª–∞ Netflix ¬´–ü—Ä–æ–∫–ª—è—Ç–∞—è¬ª, —ç–∫—Ä–∞–Ω–∏–∑–∞—Ü–∏–∏ –æ–¥–Ω–æ–∏–º–µ–Ω–Ω–æ–≥–æ –∏–ª–ª—é—Å—Ç—Ä–∏—Ä–æ–≤–∞–Ω–Ω–æ–≥–æ —Ä–æ–º–∞–Ω–∞.', 'THR']
10|3270154|–°—Ç–∞—Ç–∏—Å—Ç—ã –∑–∞—Å—Ç—Ä—è–ª–∏ –ø–æ–¥ –∑–µ–º–ª–µ–π –Ω–∞ —Å—ä–µ–º–∫–∞—Ö ¬´–î–∂–æ–∫–µ—Ä–∞¬ª|–ê–∫—Ç–µ—Ä—ã –Ω–∞ –Ω–µ—Å–∫–æ–ª—å–∫–æ —á–∞—Å–æ–≤ –æ–∫–∞–∑–∞–ª–∏—Å—å –æ—Ç—Ä–µ–∑–∞–Ω—ã –æ—Ç –º–∏—Ä–∞.|['                –ò–∑-–∑–∞ –Ω–µ–∑–∞–ø–ª–∞–Ω–∏—Ä–æ–≤–∞–Ω–Ω—ã—Ö –∑–∞–¥–µ—Ä–∂–µ–∫ –Ω–∞ —Å—ä–µ–º–æ—á–Ω–æ–π –ø–ª–æ—â–∞–¥–∫–µ ¬´–î–∂–æ–∫–µ—Ä–∞¬ª –∞–∫—Ç–µ—Ä—ã –º–∞—Å—Å–æ–≤–∫–∏ –æ–∫–∞–∑–∞–ª–∏—Å—å –∑–∞–ø–µ—Ä—Ç—ã –ø–æ–¥ –∑–µ–º–ª–µ–π –≤ –≤–∞–≥–æ–Ω–µ –º–µ—Ç—Ä–æ. –õ—é–¥–∏ –æ–∫–∞–∑–∞–ª–∏—Å—å –æ—Ç—Ä–µ–∑–∞–Ω—ã –æ—Ç –æ—Å–Ω–æ–≤–Ω–æ–π —Å—ä–µ–º–æ—á–Ω–æ–π –≥—Ä—É–ø–ø—ã –Ω–∞ –Ω–µ—Å–∫–æ–ª—å–∫–æ —á–∞—Å–æ–≤ –∏ –±—ã–ª–∏ –≤—ã–Ω—É–∂–¥–µ–Ω—ã –∏—Å–ø–æ–ª—å–∑–æ–≤–∞—Ç—å –≤ –∫–∞—á–µ—Å—Ç–≤–µ —Ç—É–∞–ª–µ—Ç–∞ —Å–∞–º —Ç–æ–Ω–Ω–µ–ª—å.', '–ö–∞–∫ –æ—Ç–º–µ—á–∞–µ—Ç TMZ, –≤ —Ä–µ–∑—É–ª—å—Ç–∞—Ç–µ –ø—Ä–æ–∏—Å—à–µ—Å—Ç–≤–∏—è –≤ –∞–∫—Ç–µ—Ä—Å–∫—É—é –≥–∏–ª—å–¥–∏—é –±—ã–ª–∞ –Ω–∞–ø—Ä–∞–≤–ª–µ–Ω–∞ –∂–∞–ª–æ–±–∞. –ü—Ä–µ–¥—Å—Ç–∞–≤–∏—Ç–µ–ª–∏ –ø—Ä–æ—Ñ—Å–æ—é–∑–∞ –∏–ª–∏ —Å—Ç—É–¥–∏–∏ Warner –ø–æ–∫–∞ –Ω–∏–∫–∞–∫ –Ω–µ –ø—Ä–æ–∫–æ–º–º–µ–Ω—Ç–∏—Ä–æ–≤–∞–ª–∏ –∏–Ω—Ñ–æ—Ä–º–∞—Ü–∏—é.', '–°—ä–µ–º–∫–∏ –∫–∞—Ä—Ç–∏–Ω—ã –æ –ø—Ä–æ–∏—Å—Ö–æ–∂–¥–µ–Ω–∏–∏ –∑–Ω–∞–º–µ–Ω–∏—Ç–æ–≥–æ –∑–ª–æ–¥–µ—è —Å–µ–π—á–∞—Å –ø—Ä–æ—Ö–æ–¥—è—Ç –≤ –ë—Ä—É–∫–ª–∏–Ω–µ. –°–æ–∑–¥–∞—Ç–µ–ª–∏ –ø—Ä–æ–µ–∫—Ç–∞ –Ω–µ –æ—Å–æ–±–æ —Å–∫—Ä—ã–≤–∞—é—Ç –ø—Ä–æ–∏—Å—Ö–æ–¥—è—â–µ–µ –Ω–∞ –ø–ª–æ—â–∞–¥–∫–µ –æ—Ç —Ñ–æ—Ç–æ–≥—Ä–∞—Ñ–æ–≤ –∏ –≤ —Å–µ—Ç–∏ –ø–æ—Å—Ç–æ—è–Ω–Ω–æ –ø–æ—è–≤–ª—è—é—Ç—Å—è —Ñ–æ—Ç–æ —Å –•–æ–∞–∫–∏–Ω–æ–º –§–µ–Ω–∏–∫—Å–æ–º –≤ –æ–±—Ä–∞–∑–µ –î–∂–æ–∫–µ—Ä–∞. –°—É–¥—è –ø–æ –≤—Å–µ–º—É, –¥–µ–π—Å—Ç–≤–∏—è –∫–ª–æ—É–Ω–∞ –ø—Ä–∏–≤–æ–¥—è—Ç –∫ —Ö–∞–æ—Å—É –∏ –ø–æ–≥—Ä–æ–º–∞–º, –∫–æ—Ç–æ—Ä—ã–µ –Ω–∞—á–∏–Ω–∞—é—Ç—Å—è –≤ –º–µ—Ç—Ä–æ.', '', 'A scene from the #Joker movie was filmed over the weekend where the title character casually strolled through the NYC subway while police flew by: https://t.co/4demNqe3Mo', '–î–µ–π—Å—Ç–≤–∏–µ –∫–∞—Ä—Ç–∏–Ω—ã —Ä–∞–∑–≤–µ—Ä–Ω–µ—Ç—Å—è –≤ 1980-–µ. –ê—Ä—Ç—É—Ä –§–ª–µ–∫ (–§–µ–Ω–∏–∫—Å), —Å–∫—Ä–æ–º–Ω—ã–π –∏ –Ω–µ–∑–∞–º–µ—Ç–Ω—ã–π —á–µ–ª–æ–≤–µ–∫, –≤–æ–∑–≤—Ä–∞—â–∞–µ—Ç—Å—è –≤ –ì–æ—Ç—ç–º –ø–æ—Å–ª–µ –ø—Ä–æ–¥–æ–ª–∂–∏—Ç–µ–ª—å–Ω–æ–≥–æ –æ—Ç—Å—É—Ç—Å—Ç–≤–∏—è. –ù–µ—É–¥–∞—á–ª–∏–≤—ã–π –∫–æ–º–∏–∫, –æ–Ω –ø–ª–∞–Ω–∏—Ä—É–µ—Ç –ø–æ—É—Ö–∞–∂–∏–≤–∞—Ç—å –∑–∞ —Å—Ç–∞—Ä–µ—é—â–µ–π –º–∞—Ç–µ—Ä—å—é (–§—Ä—ç–Ω—Å–∏—Å –ö–æ–Ω—Ä–æ–π), –ø–µ—Ä–µ–≤–µ—Å—Ç–∏ –¥—ã—Ö–∞–Ω–∏–µ –∏ –ø–æ–ø—ã—Ç–∞—Ç—å—Å—è –≤–Ω–æ–≤—å –∑–∞–ø—É—Å—Ç–∏—Ç—å —Å–≤–æ—é –∫–∞—Ä—å–µ—Ä—É —é–º–æ—Ä–∏—Å—Ç–∞. –ï–≥–æ –º–∞–ª–æ –≤–æ–ª–Ω—É–µ—Ç, —á—Ç–æ –ø—Ä–æ–∏—Å—Ö–æ–¥–∏—Ç –≤–æ–∫—Ä—É–≥. –ù–æ –≤ –ø—Ä–æ—à–ª–æ–º –ê—Ä—Ç—É—Ä–∞ —Å–∫—Ä—ã—Ç —Å–µ–∫—Ä–µ—Ç: –∏—Å—Ç–æ—Ä–∏—è –§–ª–µ–∫–æ–≤ –∫–∞–∫–∏–º-—Ç–æ –æ–±—Ä–∞–∑–æ–º —Å–≤—è–∑–∞–Ω–∞ —Å –£—ç–π–Ω–∞–º–∏, –±–æ–≥–∞—Ç–µ–π—à–µ–π —Å–µ–º—å–µ–π –ì–æ—Ç—ç–º–∞. –í –∫–æ–Ω–µ—á–Ω–æ–º –∏—Ç–æ–≥–µ —ç—Ç–∞ —Ç–∞–π–Ω–∞ –∑–∞—Å—Ç–∞–≤–∏—Ç –ê—Ä—Ç—É—Ä–∞ –æ—Ç–±—Ä–æ—Å–∏—Ç—å —Ü–∏–≤–∏–ª–∏–∑–æ–≤–∞–Ω–Ω—ã–π –æ–±–ª–∏–∫ –∏ –ø—Ä–∏–Ω—è—Ç—å –Ω–æ–≤—É—é —Ä–æ–ª—å ‚Äî –ö–ª–æ—É–Ω–∞, –∫–æ—Ä–æ–ª—è –ø—Ä–µ—Å—Ç—É–ø–Ω–æ–≥–æ –º–∏—Ä–∞.', '–¢–æ–¥–¥ –§–∏–ª–ª–∏–ø—Å –Ω–∞–ø–∏—Å–∞–ª —Å—Ü–µ–Ω–∞—Ä–∏–π —Å–æ–≤–º–µ—Å—Ç–Ω–æ —Å–æ –°–∫–æ—Ç—Ç–æ–º –°–∏–ª—å–≤–µ—Ä–æ–º –∏ –ø–æ—Å—Ç–∞–≤–∏—Ç –∫–∞—Ä—Ç–∏–Ω—É. –í —Ñ–∏–ª—å–º–µ —Ç–∞–∫–∂–µ —Å–Ω–∏–º–∞—é—Ç—Å—è –ó–∞–∑–∏ –ë–∏—Ç—Ü, –†–æ–±–µ—Ä—Ç –î–µ –ù–∏—Ä–æ, –ú–∞—Ä–∫ –ú—ç—Ä–æ–Ω –∏ –ë—Ä–µ—Ç—Ç –ö–∞–ª–ª–µ–Ω.', '–ü—Ä–µ–º—å–µ—Ä–∞ ¬´–î–∂–æ–∫–µ—Ä–∞¬ª —Å–æ—Å—Ç–æ–∏—Ç—Å—è 3 –æ–∫—Ç—è–±—Ä—è 2019 –≥–æ–¥–∞.', 'Deadline']
11|3270113|–¢—Ä–µ–π–ª–µ—Ä —Ñ–∏–ª—å–º–∞ ¬´–°—Ç–µ–∫–ª–æ¬ª: –ù–µ—É—è–∑–≤–∏–º—ã–π –ø—Ä–æ—Ç–∏–≤ –ó–≤–µ—Ä—è|–ù–æ–≤—ã–π –ø—Ä–æ–µ–∫—Ç —Ä–µ–∂–∏—Å—Å–µ—Ä–∞ –ú. –ù–∞–π—Ç–∞ –®—å—è–º–∞–ª–∞–Ω–∞ —É–≤–∏–¥–∏—Ç —Å–≤–µ—Ç 17 —è–Ω–≤–∞—Ä—è.|['                –í —Ñ–∏–Ω–∞–ª–µ ¬´–°–ø–ª–∏—Ç–∞¬ª –ø–æ—Ö–∏—Ç–∏—Ç–µ–ª—å —Å –º–Ω–æ–∂–µ—Å—Ç–≤–µ–Ω–Ω—ã–º —Ä–∞—Å—Å—Ç—Ä–æ–π—Å—Ç–≤–æ–º –ª–∏—á–Ω–æ—Å—Ç–∏ –ö–µ–≤–∏–Ω (–î–∂–µ–π–º—Å –ú–∞–∫–≠–≤–æ–π) –ø—Ä–µ–≤—Ä–∞—Ç–∏–ª—Å—è –≤ –±–µ–∑–∂–∞–ª–æ—Å—Ç–Ω–æ–≥–æ –ó–≤–µ—Ä—è, —á—å—è –≥–ª–∞–≤–Ω–∞—è —Ü–µ–ª—å ‚Äî —É–±–∏–≤–∞—Ç—å. –û –µ–≥–æ —Å—É—â–µ—Å—Ç–≤–æ–≤–∞–Ω–∏–∏ –≤ –∏—Ç–æ–≥–µ —É–∑–Ω–∞–µ—Ç –î—ç–≤–∏–¥ –î–∞–Ω–Ω (–ë—Ä—é—Å –£–∏–ª–ª–∏—Å), –Ω–µ—É—è–∑–≤–∏–º—ã–π ¬´—Å—É–ø–µ—Ä–≥–µ—Ä–æ–π¬ª, –∫–æ—Ç–æ—Ä—ã–π —Ä–µ—à–∞–µ—Ç –æ—Å—Ç–∞–≤–∏—Ç—å –±–µ–∑—É–º—Ü–∞.', '–î–∞–Ω–Ω –Ω–∞—á–∏–Ω–∞–µ—Ç –æ—Ö–æ—Ç—É –Ω–∞ –ó–≤–µ—Ä—è –∏ –ø–æ—Å—Ç–µ–ø–µ–Ω–Ω–æ –ø–æ–Ω–∏–º–∞–µ—Ç, —á—Ç–æ –≤ –¥–µ–ª–µ –∑–∞–º–µ—à–∞–Ω–∞ –∑–∞–≥–∞–¥–æ—á–Ω–∞—è –ª–∏—á–Ω–æ—Å—Ç—å. –û–∫–∞–∑—ã–≤–∞–µ—Ç—Å—è, —á—Ç–æ –∑–∞ –ø—Ä–æ—Ç–∏–≤–æ—Å—Ç–æ—è–Ω–∏–µ–º –≤–Ω–∏–º–∞—Ç–µ–ª—å–Ω–æ —Å–ª–µ–¥–∏—Ç —Ç–µ—Ä—Ä–æ—Ä–∏—Å—Ç-–∏–Ω–≤–∞–ª–∏–¥ –ú–∏—Å—Ç–µ—Ä –°—Ç–µ–∫–ª–æ (–°—ç–º—é—ç–ª –õ. –î–∂–µ–∫—Å–æ–Ω), –∫–æ—Ç–æ—Ä—ã–π —Ö—Ä–∞–Ω–∏—Ç –æ—á–µ–Ω—å –≤–∞–∂–Ω—ã–µ —Å–µ–∫—Ä–µ—Ç—ã.', '–î—É–±–ª–∏—Ä–æ–≤–∞–Ω–Ω—ã–π —Ç—Ä–µ–π–ª–µ—Ä:', '', '–û—Ä–∏–≥–∏–Ω–∞–ª—å–Ω—ã–π —Ç—Ä–µ–π–ª–µ—Ä:', '', '¬´–ù–µ—É—è–∑–≤–∏–º—ã–π¬ª, –≥–¥–µ –≤–ø–µ—Ä–≤—ã–µ –ø–æ—è–≤–∏–ª–∏—Å—å –≥–µ—Ä–æ–∏ –£–∏–ª–ª–∏—Å–∞ –∏ –î–∂–µ–∫—Å–æ–Ω–∞, –≤—ã—à–µ–ª –≤ 2000 –≥–æ–¥—É. –¢–æ–≥–¥–∞ –∑—Ä–∏—Ç–µ–ª–∏ –∏ –Ω–µ –ø–æ–¥–æ–∑—Ä–µ–≤–∞–ª–∏, —á—Ç–æ 19 –ª–µ—Ç —Å–ø—É—Å—Ç—è –î–∞–Ω–Ω –∏ –°—Ç–µ–∫–ª–æ –≤–µ—Ä–Ω—É—Ç—Å—è –Ω–∞ —ç–∫—Ä–∞–Ω—ã –∫–∞–∫ —á–∞—Å—Ç—å –º–∞–ª–µ–Ω—å–∫–æ–π –∫–∏–Ω–æ–≤—Å–µ–ª–µ–Ω–Ω–æ–π, —á—Ç–æ–±—ã –≤—Å—Ç—Ä–µ—Ç–∏—Ç—å—Å—è —Å –¥—Ä—É–≥–∏–º –≥–µ—Ä–æ–µ–º –ú. –ù–∞–π—Ç–∞ –®—å—è–º–∞–ª–∞–Ω–∞.', '–û —Ç–æ–º, —á—Ç–æ –ö–µ–≤–∏–Ω –∂–∏–≤–µ—Ç –≤ –æ–¥–Ω–æ–º –º–∏—Ä–µ —Å –î—ç–≤–∏–¥–æ–º –∏ –°—Ç–µ–∫–ª–æ–º, –ú–∞–∫–≠–≤–æ–π —É–∑–Ω–∞–ª –≤–æ –≤—Ä–µ–º—è —Å—ä–µ–º–æ–∫ ¬´–°–ø–ª–∏—Ç–∞¬ª. –®—å—è–º–∞–ª–∞–Ω –º–µ–∂–¥—É –¥–µ–ª–æ–º –∑–∞–º–µ—Ç–∏–ª, —á—Ç–æ –µ—Å–ª–∏ –∫–∞—Ä—Ç–∏–Ω–∞ —Ö–æ—Ä–æ—à–æ —Å–µ–±—è –ø–æ–∫–∞–∂–µ—Ç, —Ç–æ –æ–Ω —Å–Ω–∏–º–µ—Ç —Å–∏–∫–≤–µ–ª, –≤ –∫–æ—Ç–æ—Ä–æ–º –î—ç–≤–∏–¥ –≤–µ—Ä–Ω–µ—Ç—Å—è. –ê–∫—Ç–µ—Ä –¥–∞–∂–µ –Ω–µ —Å—Ä–∞–∑—É –ø–æ–Ω—è–ª, —á—Ç–æ —Ä–µ—á—å –∏–¥–µ—Ç –æ –ø–µ—Ä—Å–æ–Ω–∞–∂–µ –£–∏–ª–ª–∏—Å–∞.', '–†–æ—Å—Å–∏–π—Å–∫–∞—è –ø—Ä–µ–º—å–µ—Ä–∞ ¬´–°—Ç–µ–∫–ª–∞¬ª —Å–æ—Å—Ç–æ–∏—Ç—Å—è 17 —è–Ω–≤–∞—Ä—è.', '']
12|3270036|–ö–∞–Ω–∞–ª NBC –≤—ã–ø—É—Å—Ç–∏—Ç —Å–µ—Ä–∏–∞–ª –ø–æ –º–æ—Ç–∏–≤–∞–º —Ä–æ–º–∞–Ω–∞ ¬´–ü–æ—Å–ª–µ–¥–Ω–∏–π –∞–º–µ—Ä–∏–∫–∞–Ω—Å–∫–∏–π –≤–∞–º–ø–∏—Ä¬ª|–ö–Ω–∏–≥–∞ —Å—Ç–∞–ª–∞ –ø—Ä–æ–¥–æ–ª–∂–µ–Ω–∏–µ–º –ø—Å–µ–≤–¥–æ–¥–æ–∫—É–º–µ–Ω—Ç–∞–ª—å–Ω–æ–≥–æ ¬´–ê–≤—Ä–∞–∞–º –õ–∏–Ω–∫–æ–ª—å–Ω: –û—Ö–æ—Ç–Ω–∏–∫ –Ω–∞ –≤–∞–º–ø–∏—Ä–æ–≤¬ª.|['                –ö–∞–Ω–∞–ª NBC –Ω–∞—á–∞–ª —Ä–∞–±–æ—Ç—É –Ω–∞–¥ —Å–µ—Ä–∏–∞–ª–æ–º ¬´–ü–æ—Å–ª–µ–¥–Ω–∏–π –∞–º–µ—Ä–∏–∫–∞–Ω—Å–∫–∏–π –≤–∞–º–ø–∏—Ä¬ª (The Last American Vampire) ‚Äî –º–Ω–æ–≥–æ—Å–µ—Ä–∏–π–Ω–æ–π —ç–∫—Ä–∞–Ω–∏–∑–∞—Ü–∏–µ–π –æ–¥–Ω–æ–∏–º–µ–Ω–Ω–æ–≥–æ —Ä–æ–º–∞–Ω–∞ –°–µ—Ç–∞ –ì—Ä—ç–º–∞-–°–º–∏—Ç–∞. –ë—ã–≤—à–∏–π —à–æ—É—Ä–∞–Ω–Ω–µ—Ä ¬´12 –æ–±–µ–∑—å—è–Ω¬ª –¢–µ—Ä—Ä–∏ –ú–∞—Ç–∞–ª–∞—Å –Ω–∞–ø–∏—à–µ—Ç —Å—Ü–µ–Ω–∞—Ä–∏–π –∞–¥–∞–ø—Ç–∞—Ü–∏–∏. –ì—Ä—ç–º-–°–º–∏—Ç —Å–ø—Ä–æ–¥—é—Å–∏—Ä—É–µ—Ç –ø—Ä–æ–µ–∫—Ç —Å–æ–≤–º–µ—Å—Ç–Ω–æ —Å –î—ç–≤–∏–¥–æ–º –ö–∞—Ç—Ü–µ–Ω–±–µ—Ä–≥–æ–º.', '¬´–ü–æ—Å–ª–µ–¥–Ω–∏–π –∞–º–µ—Ä–∏–∫–∞–Ω—Å–∫–∏–π –≤–∞–º–ø–∏—Ä¬ª ‚Äî –ø—Ä–æ–¥–æ–ª–∂–µ–Ω–∏–µ —Ä–æ–º–∞–Ω–∞ ¬´–ê–≤—Ä–∞–∞–º –õ–∏–Ω–∫–æ–ª—å–Ω: –û—Ö–æ—Ç–Ω–∏–∫ –Ω–∞ –≤–∞–º–ø–∏—Ä–æ–≤¬ª, —Ä–∞—Å—Å–∫–∞–∑—ã–≤–∞—é—â–µ–≥–æ ¬´—Ä–µ–∞–ª—å–Ω—É—é¬ª –∏—Å—Ç–æ—Ä–∏—é 16-–≥–æ –ø—Ä–µ–∑–∏–¥–µ–Ω—Ç–∞ –°–®–ê, –∫–æ—Ç–æ—Ä—ã–π –ø–æ—Å–≤—è—Ç–∏–ª —Å–≤–æ—é –∂–∏–∑–Ω—å –∏—Å—Ç—Ä–µ–±–ª–µ–Ω–∏—é –∫—Ä–æ–≤–æ—Å–æ—Å–æ–≤. –ò–º–µ–Ω–Ω–æ —Ç–∞–º –±—ã–ª –≤–ø–µ—Ä–≤—ã–µ –±—ã–ª –ø—Ä–µ–¥—Å—Ç–∞–≤–ª–µ–Ω 500-–ª–µ—Ç–Ω–∏–π –≤–∞–º–ø–∏—Ä –∏ –æ—á–∞—Ä–æ–≤–∞—Ç–µ–ª—å–Ω—ã–π –¥–∂–µ–Ω—Ç–ª—å–º–µ–Ω –ì–µ–Ω—Ä–∏ –°—Ç—ë—Ä–¥–∂–µ—Å, –≤–ø–æ—Å–ª–µ–¥—Å—Ç–≤–∏–∏ —Å—Ç–∞–≤—à–∏–π –≥–µ—Ä–æ–µ–º —Å–∏–∫–≤–µ–ª–∞.', '–í –ø—Ä–æ–¥–æ–ª–∂–µ–Ω–∏–∏ –°—Ç—ë—Ä–¥–∂–µ—Å –æ–∫–∞–∑–∞–ª—Å—è –≤–∑–∞–ø–µ—Ä—Ç–∏, –≥–¥–µ –ø—Ä–æ—Å–∏–¥–µ–ª –ø–æ—Å–ª–µ–¥–Ω–∏–µ 40 –ª–µ—Ç. –°—á–∏—Ç–∞–µ—Ç—Å—è, —á—Ç–æ –≤–∞–º–ø–∏—Ä—ã –ø–æ–ª–Ω–æ—Å—Ç—å—é –∏—Å—á–µ–∑–ª–∏, –∏ –ì–µ–Ω—Ä–∏ ‚Äî –ø–æ—Å–ª–µ–¥–Ω–∏–π –≤ —Å–≤–æ–µ–º —Ä–æ–¥–µ. –ù–æ —Å–µ—Ä–∏—è –∂–µ—Å—Ç–æ–∫–∏—Ö —É–±–∏–π—Å—Ç–≤, –ø—Ä–æ–∏–∑–æ—à–µ–¥—à–∞—è –ø–æ –≤—Å–µ–π –ê–º–µ—Ä–∏–∫–µ, –∑–∞—Å—Ç–∞–≤–ª—è–µ—Ç –≤ —ç—Ç–æ–º —É—Å–æ–º–Ω–∏—Ç—å—Å—è. –§–ë–† —Ä–µ—à–∞–µ—Ç –∏—Å–ø–æ–ª—å–∑–æ–≤–∞—Ç—å –∫—Ä–æ–≤–æ—Å–æ—Å–∞. –û–Ω–∏ –¥–∞—é—Ç –µ–º—É –≤ –Ω–∞–ø–∞—Ä–Ω–∏–∫–∏ –∞–Ω–∞–ª–∏—Ç–∏–∫–∞ –≠–±–±–∏, –∫–æ—Ç–æ—Ä–∞—è –ø—Ä–∏–∑–≤–∞–Ω–∞ –ø–æ–º–æ—á—å –°—Ç—ë—Ä–¥–∂–µ—Å—É —Ä–∞—Å–∫—Ä—ã—Ç—å –º–Ω–æ–≥–æ–≤–µ–∫–æ–≤–æ–π –∑–∞–≥–æ–≤–æ—Ä.', '–í 2012 –≥–æ–¥—É —Å–≤–µ—Ç —É–≤–∏–¥–µ–ª–∞ –∫–∞—Ä—Ç–∏–Ω–∞ ¬´–ü—Ä–µ–∑–∏–¥–µ–Ω—Ç –õ–∏–Ω–∫–æ–ª—å–Ω: –û—Ö–æ—Ç–Ω–∏–∫ –Ω–∞ –≤–∞–º–ø–∏—Ä–æ–≤¬ª, —ç–∫—Ä–∞–Ω–∏–∑–∞—Ü–∏—è —Ä–æ–º–∞–Ω–∞ –æ—Ç —Ä–µ–∂–∏—Å—Å–µ—Ä–∞ –¢–∏–º—É—Ä–∞ –ë–µ–∫–º–∞–º–±–µ—Ç–æ–≤–∞ –∏ –ø—Ä–æ–¥—é—Å–µ—Ä–∞ –¢–∏–º–∞ –ë—ë—Ä—Ç–æ–Ω–∞. –í —Ñ–∏–ª—å–º–µ —Ä–æ–ª—å –ì–µ–Ω—Ä–∏ –°—Ç—ë—Ä–¥–∂–µ—Å–∞ –∏—Å–ø–æ–ª–Ω–∏–ª –î–æ–º–∏–Ω–∏–∫ –ö—É–ø–µ—Ä.', '–ù–∞ –¥–∞–Ω–Ω—ã–π –º–æ–º–µ–Ω—Ç –ø—Ä–æ–µ–∫—Ç –Ω–∞—Ö–æ–¥–∏—Ç—Å—è –Ω–∞ —Ä–∞–Ω–Ω–µ–π —Å—Ç–∞–¥–∏–∏ —Ä–∞–∑—Ä–∞–±–æ—Ç–∫–∏, –∏ —Ç–æ—á–Ω–∞—è –¥–∞—Ç–∞ —Ä–µ–ª–∏–∑–∞ –ø–æ–∫–∞ –æ—Ç—Å—É—Ç—Å—Ç–≤—É–µ—Ç.', 'Deadline', '–ü–æ–¥–ø–∏—Å—ã–≤–∞–π—Ç–µ—Å—å –Ω–∞ –∫–∞–Ω–∞–ª –ö–∏–Ω–æ–ü–æ–∏—Å–∫–∞ –≤ ¬´–Ø–Ω–¥–µ–∫—Å.–î–∑–µ–Ω¬ª, —á—Ç–æ–±—ã –±—ã—Ç—å –≤ –∫—É—Ä—Å–µ –≤—Å–µ—Ö —Å–∞–º—ã—Ö –≤–∞–∂–Ω—ã—Ö –Ω–æ–≤–æ—Å—Ç–µ–π –∏–∑ –º–∏—Ä–∞ –∫–∏–Ω–æ –∏ —Å–µ—Ä–∏–∞–ª–æ–≤.']
13|3270027|–ó–≤–µ–∑–¥–∞ —Å–µ—Ä–∏–∞–ª–∞ ¬´–°–Ω–µ–≥–æ–ø–∞–¥¬ª —Å—ã–≥—Ä–∞–µ—Ç –≥–ª–∞–≤–Ω–æ–≥–æ –∑–ª–æ–¥–µ—è –≤ ¬´–†—ç–º–±–æ 5¬ª|–°–æ–∑–¥–∞—Ç–µ–ª–∏ –±–æ–µ–≤–∏–∫–∞ –Ω–∞—à–ª–∏ –ø—Ä–æ—Ç–∏–≤–Ω–∏–∫–∞ –¥–ª—è —Å–æ–≤–µ—Ä—à–µ–Ω–Ω–æ–π –±–æ–µ–≤–æ–π –º–∞—à–∏–Ω—ã.|['–°–µ—Ä—Ö–∏–æ –ü–µ—Ä–∏—Å-–ú–µ–Ω—á–µ—Ç–∞, –∏–∑–≤–µ—Å—Ç–Ω—ã–π –ø–æ —Å–µ—Ä–∏–∞–ª—É ¬´–°–Ω–µ–≥–æ–ø–∞–¥¬ª, –ø—Ä–∏—Å–æ–µ–¥–∏–Ω–∏–ª—Å—è –∫ –∞–∫—Ç–µ—Ä—Å–∫–æ–º—É —Å–æ—Å—Ç–∞–≤—É –±–æ–µ–≤–∏–∫–∞ ¬´–†—ç–º–±–æ 5¬ª, –ø–æ–ª—É—á–∏–≤—à–µ–≥–æ –ø–æ–¥–∑–∞–≥–æ–ª–æ–≤–æ–∫ ¬´–ü–æ—Å–ª–µ–¥–Ω—è—è –∫—Ä–æ–≤—å¬ª (The Last blood). –ê–∫—Ç–µ—Ä –∏—Å–ø–æ–ª–Ω–∏—Ç —Ä–æ–ª—å –≥–ª–∞–≤—ã –Ω–∞—Ä–∫–æ–∫–∞—Ä—Ç–µ–ª—è –•—å—é–≥–æ –ú–∞—Ä—Ç–∏–Ω–µ–∑–∞, —Å –∫–æ—Ç–æ—Ä—ã–º —Å—Ç–æ–ª–∫–Ω–µ—Ç—Å—è –≥–µ—Ä–æ–π –°–∏–ª—å–≤–µ—Å—Ç—Ä–∞ –°—Ç–∞–ª–ª–æ–Ω–µ.', '–ü–æ —Å—é–∂–µ—Ç—É –ø—è—Ç–æ–≥–æ —Ñ–∏–ª—å–º–∞ –î–∂–æ–Ω –†—ç–º–±–æ –æ–∫–æ–Ω—á–∞—Ç–µ–ª—å–Ω–æ –æ—Å—Ç–∞–≤–∏–ª –≤–æ–π–Ω—É –≤ –ø—Ä–æ—à–ª–æ–º –∏ —Ç–µ–ø–µ—Ä—å –∂–∏–≤–µ—Ç –º–∏—Ä–Ω–æ–π –∂–∏–∑–Ω—å—é –Ω–∞ —Ä–∞–Ω—á–æ. –ù–æ, –∫–æ–≥–¥–∞ –Ω–µ–∏–∑–≤–µ—Å—Ç–Ω—ã–µ –ø–æ—Ö–∏—â–∞—é—Ç –¥–æ—á—å –æ–¥–Ω–æ–≥–æ –∏–∑ –µ–≥–æ –¥—Ä—É–∑–µ–π, –î–∂–æ–Ω –≤—ã–Ω—É–∂–¥–µ–Ω –≤–µ—Ä–Ω—É—Ç—å—Å—è –≤ —Å—Ç—Ä–æ–π –∏ –≤–Ω–æ–≤—å –≤–∑—è—Ç—å—Å—è –∑–∞ –æ—Ä—É–∂–∏–µ. –û–Ω –æ—Ç–ø—Ä–∞–≤–ª—è–µ—Ç—Å—è –≤ –ú–µ–∫—Å–∏–∫—É, –≤ —Å–∞–º–æ–µ –ø–µ–∫–ª–æ, –≥–¥–µ —Å–æ–±–∏—Ä–∞–µ—Ç—Å—è –≤—ã–π—Ç–∏ –ø—Ä–æ—Ç–∏–≤ –æ–¥–Ω–æ–≥–æ –∏–∑ —Å–∞–º—ã—Ö –∂–µ—Å—Ç–æ–∫–∏—Ö –∏ –º–æ–≥—É—â–µ—Å—Ç–≤–µ–Ω–Ω—ã—Ö –º–µ–∫—Å–∏–∫–∞–Ω—Å–∫–∏—Ö –Ω–∞—Ä–∫–æ–∫–∞—Ä—Ç–µ–ª–µ–π.', '–ö—Ä–æ–º–µ –°—Ç–∞–ª–ª–æ–Ω–µ –∏ –ü–µ—Ä–∏—Å-–ú–µ–Ω—á–µ—Ç—ã, –≤ —Ñ–∏–ª—å–º–µ —Ç–∞–∫–∂–µ —Å–Ω–∏–º—É—Ç—Å—è –ü–∞—Å –í–µ–≥–∞ (¬´–û–ê¬ª) –∏ –ò–≤–µ—Ç –ú–æ–Ω—Ä–µ–∞–ª—å (¬´–ú–æ—Ä—Å–∫–∞—è –ø–æ–ª–∏—Ü–∏—è: –°–ø–µ—Ü–æ—Ç–¥–µ–ª¬ª).', '–ú—ç—Ç—Ç—å—é –°–∏—Ä—é–ª—å–Ω–∏–∫ –∏ –î—ç–≤–∏–¥ –ú–æ—Ä–µ–ª–ª –Ω–∞–ø–∏—Å–∞–ª–∏ —Å—Ü–µ–Ω–∞—Ä–∏–π —Å–æ–≤–º–µ—Å—Ç–Ω–æ —Å–æ –°—Ç–∞–ª–ª–æ–Ω–µ. –ê–¥—Ä–∏–∞–Ω –ì—Ä—é–Ω–±–µ—Ä–≥ (¬´–í–µ—Å–µ–ª—ã–µ¬ª –∫–∞–Ω–∏–∫—É–ª—ã¬ª) –∑–∞–Ω–∏–º–∞–µ—Ç —Ä–µ–∂–∏—Å—Å–µ—Ä—Å–∫–æ–µ –∫—Ä–µ—Å–ª–æ –ø—Ä–æ–µ–∫—Ç–∞.', '–°—ä–µ–º–∫–∏ –±–æ–µ–≤–∏–∫–∞ –ø—Ä–æ—Ö–æ–¥—è—Ç –≤ –ë–æ–ª–≥–∞—Ä–∏–∏, –∏ –°—Ç–∞–ª–ª–æ–Ω–µ —Ä–µ–≥—É–ª—è—Ä–Ω–æ –ø—É–±–ª–∏–∫—É–µ—Ç —Ñ–æ—Ç–æ–≥—Ä–∞—Ñ–∏–∏ —Å –ø–ª–æ—â–∞–¥–∫–∏.', '', ' Rambo‚Äôs man cave‚Ä¶@rambomovie #rambo5', '–ü—É–±–ª–∏–∫–∞—Ü–∏—è –æ—Ç  Sly Stallone (@officialslystallone) 9 –û–∫—Ç 2018 –≤ 9:15 PDT', '', ' It‚Äôs so rewarding after so many years in the Biz to be truly excited about being in an extraordinary scene. @rambomovie #rambo5', '–ü—É–±–ª–∏–∫–∞—Ü–∏—è –æ—Ç  Sly Stallone (@officialslystallone) 4 –û–∫—Ç 2018 –≤ 4:26 PDT', '–î–∞—Ç–∞ —Ä–µ–ª–∏–∑–∞ ¬´–†—ç–º–±–æ 5¬ª –ø–æ–∫–∞ –Ω–µ —Å–æ–æ–±—â–∞–µ—Ç—Å—è, –Ω–æ —Ñ–∏–ª—å–º –æ–∂–∏–¥–∞–µ—Ç—Å—è –≤ –∫–∏–Ω–æ—Ç–µ–∞—Ç—Ä–∞—Ö –æ—Å–µ–Ω—å—é 2019 –≥–æ–¥–∞.', 'Deadline', '–ü–æ–¥–ø–∏—Å—ã–≤–∞–π—Ç–µ—Å—å –Ω–∞ –∫–∞–Ω–∞–ª –ö–∏–Ω–æ–ü–æ–∏—Å–∫–∞ –≤ Telegram, —á—Ç–æ–±—ã –±—ã—Ç—å –≤ –∫—É—Ä—Å–µ –≤—Å–µ—Ö —Å–∞–º—ã—Ö –≤–∞–∂–Ω—ã—Ö –Ω–æ–≤–æ—Å—Ç–µ–π –∏–∑ –º–∏—Ä–∞ –∫–∏–Ω–æ –∏ —Å–µ—Ä–∏–∞–ª–æ–≤.']
14|3270026|–ú—ç—Ç—Ç—å—é –ú–∞–∫–ö–æ–Ω–∞—Ö–∏ —Å–Ω–∏–º–µ—Ç—Å—è –≤ –∫—Ä–∏–º–∏–Ω–∞–ª—å–Ω–æ–π –¥—Ä–∞–º–µ –ì–∞—è –†–∏—á–∏|–û–±—ä—è–≤–ª–µ–Ω –æ—Å–Ω–æ–≤–Ω–æ–π –∞–∫—Ç–µ—Ä—Å–∫–∏–π —Å–æ—Å—Ç–∞–≤ –ª–µ–Ω—Ç—ã –æ –ø—Ä–æ—Ç–∏–≤–æ—Å—Ç–æ—è–Ω–∏–∏ –º–æ–ª–æ–¥—ã—Ö –∏ —Å—Ç–∞—Ä—ã—Ö –ø—Ä–µ—Å—Ç—É–ø–Ω–∏–∫–æ–≤.|['–ú—ç—Ç—Ç—å—é –ú–∞–∫–ö–æ–Ω–∞—Ö–∏ (¬´–ë–µ–ª—ã–π –ø–∞—Ä–µ–Ω—å –†–∏–∫¬ª), –ö–µ–π—Ç –ë–µ–∫–∏–Ω—Å–µ–π–ª (¬´–î—Ä—É–≥–æ–π –º–∏—Ä¬ª) –∏ –ì–µ–Ω—Ä–∏ –ì–æ–ª–¥–∏–Ω–≥ (¬´–ë–µ–∑—É–º–Ω–æ –±–æ–≥–∞—Ç—ã–µ –∞–∑–∏–∞—Ç—ã¬ª) –ø—Ä–∏–º—É—Ç —É—á–∞—Å—Ç–∏–µ –≤ —Å—ä–µ–º–∫–∞—Ö –∫—Ä–∏–º–∏–Ω–∞–ª—å–Ω–æ–π –ª–µ–Ω—Ç—ã –ì–∞—è –†–∏—á–∏ Toff Guys.', '–†–∏—á–∏ –ø–æ—Å—Ç–∞–≤–∏—Ç –∫–∞—Ä—Ç–∏–Ω—É –ø–æ —Å—Ü–µ–Ω–∞—Ä–∏—é, –∫–æ—Ç–æ—Ä—ã–π –æ–Ω –Ω–∞–ø–∏—Å–∞–ª —Å–æ–≤–º–µ—Å—Ç–Ω–æ —Å –ú–∞—Ä–Ω–æ–º –î—ç–≤–∏—Å–æ–º –∏ –ê–π–≤—ç–Ω–æ–º –ê—Ç–∫–∏–Ω—Å–æ–Ω–æ–º. –†–µ–∂–∏—Å—Å–µ—Ä —Ç–∞–∫–∂–µ –≤—ã—Å—Ç—É–ø–∏—Ç –≤ –∫–∞—á–µ—Å—Ç–≤–µ –ø—Ä–æ–¥—é—Å–µ—Ä–∞ –ø—Ä–æ–µ–∫—Ç–∞.', '¬´Toff¬ª ‚Äî –±—Ä–∏—Ç–∞–Ω—Å–∫–æ–µ —Å–ª–µ–Ω–≥–æ–≤–æ–µ —Å–ª–æ–≤–æ, –æ–±–æ–∑–Ω–∞—á–∞—é—â–µ–µ –≤—ã—Ö–æ–¥—Ü–∞ –∏–∑ –∞—Ä–∏—Å—Ç–æ–∫—Ä–∞—Ç–∏—á–µ—Å–∫–æ–π —Å–µ–º—å–∏ –∏–ª–∏ –æ–±–ª–∞–¥–∞—Ç–µ–ª—è –≤—ã—Å–æ–∫–æ–≥–æ —Å—Ç–∞—Ç—É—Å–∞, –∫–æ—Ç–æ—Ä—ã–π –æ—Ç–Ω–æ—Å–∏—Ç—Å—è –∫ –¥—Ä—É–≥–∏–º –≤—ã—Å–æ–∫–æ–º–µ—Ä–Ω–æ.', '–ò—Å—Ç–æ—á–Ω–∏–∫–∏ —Å—Ä–∞–≤–Ω–∏–≤–∞—é—Ç –ø—Ä–æ–µ–∫—Ç –†–∏—á–∏ —Å –ø–µ—Ä–≤—ã–º–∏ —Ä–∞–±–æ—Ç–∞–º–∏ –ø–æ—Å—Ç–∞–Ω–æ–≤—â–∏–∫–∞ –≤ –¥—É—Ö–µ —Ñ–∏–ª—å–º–æ–≤ ¬´–ö–∞—Ä—Ç—ã, –¥–µ–Ω—å–≥–∏ –¥–≤–∞ —Å—Ç–≤–æ–ª–∞¬ª –∏ ¬´–ë–æ–ª—å—à–æ–π –∫—É—à¬ª, –Ω–æ –ø—Ä–∏ —ç—Ç–æ–º –¥–æ–±–∞–≤–ª—è—é—Ç, —á—Ç–æ —Å—é–∂–µ—Ç –Ω–∞–ø–æ–º–∏–Ω–∞–µ—Ç —Å–º–µ—Å—å –∏–∑ ¬´–°–µ–∫—Å—É–∞–ª—å–Ω–æ–π —Ç–≤–∞—Ä–∏¬ª –∏ ¬´–ê–±–±–∞—Ç—Å—Ç–≤–∞ –î–∞—É–Ω—Ç–æ–Ω¬ª.', '–§–∏–ª—å–º —Ä–∞—Å—Å–∫–∞–∂–µ—Ç –æ ¬´—Å—Ç–∞—Ä—ã—Ö –∏ –Ω–æ–≤—ã—Ö –¥–µ–Ω—å–≥–∞—Ö¬ª –±—Ä–∏—Ç–∞–Ω—Å–∫–æ–≥–æ –∫—Ä–∏–º–∏–Ω–∞–ª—å–Ω–æ–≥–æ –º–∏—Ä–∞ –∏ –ø—Ä–æ—Ç–∏–≤–æ—Å—Ç–æ—è–Ω–∏–∏ –º–∞—Ç–µ—Ä—ã—Ö –µ–≤—Ä–æ–ø–µ–π—Å–∫–∏—Ö –≥–∞–Ω–≥—Å—Ç–µ—Ä–æ–≤ –∏ –º–æ–ª–æ–¥—ã—Ö –Ω–∞—Ä–∫–æ—Ç–æ—Ä–≥–æ–≤—Ü–µ–≤. –í —Ü–µ–Ω—Ç—Ä–µ —Å—é–∂–µ—Ç–∞ ‚Äî –∞–Ω–≥–ª–∏–π—Å–∫–∏–π –Ω–∞—Ä–∫–æ–±–∞—Ä–æ–Ω, –∫–æ—Ç–æ—Ä—ã–π —Ä–µ—à–∞–µ—Ç –ø–æ-–±—ã—Å—Ç—Ä–æ–º—É —Å—Ä—É–±–∏—Ç—å –¥–µ–Ω–µ–≥ –∏ –ø—Ä–æ–¥–∞—Ç—å —Å–≤–æ–π –±–∏–∑–Ω–µ—Å –º–∏–ª–ª–∏–∞—Ä–¥–µ—Ä–∞–º –∏–∑ –û–∫–ª–∞—Ö–æ–º—ã.', '–ü—Ä–æ–µ–∫—Ç –ø—Ä–µ–¥—Å—Ç–∞–≤–∏–ª–∏ –Ω–∞ –∫–∏–Ω–æ—Ä—ã–Ω–∫–µ –≤ –ö–∞–Ω–Ω–∞—Ö, –∏ –∫–∏–Ω–æ–∫–æ–º–ø–∞–Ω–∏—è Miramax –≤—ã–ª–æ–∂–∏–ª–∞ 30 –º–ª–Ω –¥–æ–ª–ª–∞—Ä–æ–≤ –∑–∞ –ø—Ä–∞–≤–∞ –Ω–∞ –¥–∏—Å—Ç—Ä–∏–±—å—é—Ü–∏—é. –°—ä–µ–º–∫–∏ Toff Guys —Å—Ç–∞—Ä—Ç—É—é—Ç –≤ –±–ª–∏–∂–∞–π—à–µ–µ –≤—Ä–µ–º—è –≤ –ê–Ω–≥–ª–∏–∏.', '24 —è–Ω–≤–∞—Ä—è —Ä–æ—Å—Å–∏–π—Å–∫–∏–µ –∑—Ä–∏—Ç–µ–ª–∏ —Å–º–æ–≥—É—Ç —É–≤–∏–¥–µ—Ç—å –ú–∞–∫–ö–æ–Ω–∞—Ö–∏ –≤ —Ç—Ä–∏–ª–ª–µ—Ä–µ ¬´–ú–æ—Ä–µ —Å–æ–±–ª–∞–∑–Ω–∞¬ª.', '–ì–∞–π –†–∏—á–∏ —Å–µ–π—á–∞—Å –∑–∞–∫–∞–Ω—á–∏–≤–∞–µ—Ç —Ä–∞–±–æ—Ç—É –Ω–∞–¥ —Ñ–∏–ª—å–º–æ–º ¬´–ê–ª–∞–¥–¥–∏–Ω¬ª, –∏–≥—Ä–æ–≤—ã–º —Ä–µ–º–µ–π–∫–æ–º –∫–ª–∞—Å—Å–∏—á–µ—Å–∫–æ–≥–æ –º—É–ª—å—Ç—Ñ–∏–ª—å–º–∞ Disney. –õ–µ–Ω—Ç–∞ —É–≤–∏–¥–∏—Ç —Å–≤–µ—Ç 22 –º–∞—è 2019-–≥–æ.', 'Variety', '']
15|3269060|–ü—Ä–µ–º—å–µ—Ä—ã –Ω–µ–¥–µ–ª–∏: –î–µ–º–æ–Ω–∏—á–µ—Å–∫–∏–π –ö–µ–π–¥–∂, —Ç–∏—Ö–∏–π –ì–æ—Å–ª–∏–Ω–≥, –∑–ª–æ–≤–µ—â–∏–π –•–µ–º—Å–≤–æ—Ä—Ç|–ù–∏–ª –ê—Ä–º—Å—Ç—Ä–æ–Ω–≥ —É–ª–µ—Ç–∞–µ—Ç –Ω–∞ –õ—É–Ω—É, –ª–µ—Å–æ—Ä—É–± –∂–µ—Å—Ç–æ–∫–æ –º—Å—Ç–∏—Ç, –≥–ª–∞–≤–∞ –∫—É–ª—å—Ç–∞ –Ω–∞–≤–æ–¥–∏—Ç —à—É–º–∞ –≤ –∑–∞–±—Ä–æ—à–µ–Ω–Ω–æ–º –æ—Ç–µ–ª–µ. –ù–æ–≤–∏–Ω–∫–∏ –≤—Ç–æ—Ä–æ–π –Ω–µ–¥–µ–ª–∏ –æ–∫—Ç—è–±—Ä—è ‚Äî –≤ –Ω–∞—à–µ–º –æ–±–∑–æ—Ä–µ.|"['<a class=""watch_online_button"" style=""display: none;"">${content}</a>', '–ö–∞–∂–¥—É—é –Ω–µ–¥–µ–ª—é –ö–∏–Ω–æ–ü–æ–∏—Å–∫ –≤—ã–±–∏—Ä–∞–µ—Ç –Ω–µ—Å–∫–æ–ª—å–∫–æ —Ñ–∏–ª—å–º–æ–≤, –∫–æ—Ç–æ—Ä—ã–µ –ø–æ—è–≤–ª—è—é—Ç—Å—è –≤ –∫–∏–Ω–æ—Ç–µ–∞—Ç—Ä–∞—Ö, –∏ –ø–æ–¥—Ä–æ–±–Ω–æ —Ä–∞—Å—Å–∫–∞–∑—ã–≤–∞–µ—Ç –æ –Ω–∏—Ö. –í—Å–µ –∫–∞—Ä—Ç–∏–Ω—ã –∏–∑ –ø–æ–¥–±–æ—Ä–∫–∏ –≤—ã—Ö–æ–¥—è—Ç –≤ –ø—Ä–æ–∫–∞—Ç 11 –æ–∫—Ç—è–±—Ä—è.', '¬´–ß–µ–ª–æ–≤–µ–∫ –Ω–∞ –õ—É–Ω–µ¬ª', '–ê—Å—Ç—Ä–æ–Ω–∞–≤—Ç –ù–∏–ª –ê—Ä–º—Å—Ç—Ä–æ–Ω–≥ (–†–∞–π–∞–Ω –ì–æ—Å–ª–∏–Ω–≥), –∑–∞–º–∫–Ω—É—Ç—ã–π –∏ –Ω–µ–º–Ω–æ–≥–æ—Å–ª–æ–≤–Ω—ã–π –º—É–∂—á–∏–Ω–∞, —Å–∏–ª—å–Ω–æ –ø–µ—Ä–µ–∂–∏–≤–∞–µ—Ç —Å–º–µ—Ä—Ç—å –¥–æ—á–µ—Ä–∏ –∏, –Ω–µ—Å–º–æ—Ç—Ä—è –Ω–∞ —Å—Ç—Ä–∞–¥–∞–Ω–∏—è –∂–µ–Ω—ã (–ö–ª–µ—Ä –§–æ–π) –∏ –≥–∏–±–Ω—É—â–∏—Ö –æ–¥–Ω–æ–≥–æ –∑–∞ –¥—Ä—É–≥–∏–º –¥—Ä—É–∑–µ–π, –∏–¥–µ—Ç —á–µ—Ä–µ–∑ —Ç–µ—Ä–Ω–∏–∏ –∫ –∑–≤–µ–∑–¥–∞–º. –ü–æ—Ç–æ–º—É —á—Ç–æ –¥–æ–ª–∂–µ–Ω. –§–∏–ª—å–º, –∫–æ—Ç–æ—Ä—ã–π —Å–Ω—è–ª –î—ç–º—å–µ–Ω –®–∞–∑–µ–ª–ª, –Ω–∏ –∫–∞–ø–ª–∏ –Ω–µ –ø–æ—Ö–æ–∂ –Ω–∞ –µ–≥–æ ¬´–õ–∞-–õ–∞ –õ–µ–Ω–¥¬ª ‚Äî —Å–∫–æ—Ä–µ–µ, –Ω–∞ ¬´–û–¥–µ—Ä–∂–∏–º–æ—Å—Ç—å¬ª, –≥–¥–µ –±–∞—Ä–∞–±–∞–Ω—â–∏–∫ –¥–æ–±–∏–≤–∞–ª—Å—è –∏–¥–µ–∞–ª—å–Ω–æ–≥–æ —Ä–∏—Ç–º–∞. –ü—Ä–∞–≤–¥–∞, –ê—Ä–º—Å—Ç—Ä–æ–Ω–≥ –ì–æ—Å–ª–∏–Ω–≥–∞, –≤ –æ—Ç–ª–∏—á–∏–µ –æ—Ç –ø–µ—Ä—Å–æ–Ω–∞–∂–∞ –ú–∞–π–ª–∑–∞ –¢–µ–ª–ª–µ—Ä–∞, –Ω–µ –Ω–∞—Ö–æ–¥–∏—Ç—Å—è –ø–æ–¥ –≤–ª–∏—è–Ω–∏–µ–º –≤–ª–∞—Å—Ç–Ω–æ–π —Ñ–∏–≥—É—Ä—ã. –£ –Ω–µ–≥–æ –≤—Å–µ —Å–ª–æ–∂–Ω–µ–µ: –≥–ª–∞–≤–Ω—ã–π –µ–≥–æ –ø—Ä–æ—Ç–∏–≤–Ω–∏–∫ ‚Äî –æ–Ω —Å–∞–º –∏ –µ–≥–æ –≤–Ω—É—Ç—Ä–µ–Ω–Ω–∏–µ –¥–µ–º–æ–Ω—ã. –ò —Ç–æ–ª—å–∫–æ –±–µ—Å–∫—Ä–∞–π–Ω–∏–µ –ø—Ä–æ—Å—Ç—Ä–∞–Ω—Å—Ç–≤–∞ –õ—É–Ω—ã —Å–º–æ–≥—É—Ç –∏—Ö –∏–∑–≥–Ω–∞—Ç—å.', '', '¬´–ù–∏—á–µ–≥–æ —Ö–æ—Ä–æ—à–µ–≥–æ –≤ –æ—Ç–µ–ª–µ ‚Äû–≠–ª—å –†–æ—è–ª—å‚Äú¬ª', '–í—Ç–æ—Ä–æ–π –æ—Ç–µ–ª—å –≤ –ø—Ä–æ–∫–∞—Ç–µ –ø–æ—Å–ª–µ ¬´–ê—Ä—Ç–µ–º–∏–¥—ã¬ª –æ–±–µ—â–∞–µ—Ç –±—ã—Ç—å –∏–Ω—Ç–µ—Ä–µ—Å–Ω–µ–µ, –¥–∞ –∏ –∞–∫—Ç–µ—Ä—Å–∫–∏–π —Å–æ—Å—Ç–∞–≤ —É –Ω–µ–≥–æ –±–æ–ª–µ–µ –≤–ø–µ—á–∞—Ç–ª—è—é—â–∏–π: –ö—Ä–∏—Å –•–µ–º—Å–≤–æ—Ä—Ç, –î–∂–µ—Ñ—Ñ –ë—Ä–∏–¥–∂–µ—Å, –î–∂–æ–Ω –•—ç–º–º, –î–∞–∫–æ—Ç–∞ –î–∂–æ–Ω—Å–æ–Ω, –ù–∏–∫ –û—Ñ—Ñ–µ—Ä–º–∞–Ω –∏ –¥–∞–∂–µ –ö—Å–∞–≤—å–µ –î–æ–ª–∞–Ω. –î–µ–π—Å—Ç–≤–∏–µ —Ä–∞–∑–≤–∏–≤–∞–µ—Ç—Å—è –≤ 1969 –≥–æ–¥—É –≤ –∫–æ–≥–¥–∞-—Ç–æ –ø–æ–ø—É–ª—è—Ä–Ω–æ–º, –∞ –Ω—ã–Ω–µ –∑–∞–±—Ä–æ—à–µ–Ω–Ω–æ–º –æ—Ç–µ–ª–µ –Ω–∞ –≥—Ä–∞–Ω–∏—Ü–µ –ù–µ–≤–∞–¥—ã –∏ –ö–∞–ª–∏—Ñ–æ—Ä–Ω–∏–∏. –ù–µ—Å–∫–æ–ª—å–∫–æ –ø–æ—Å—Ç–æ—è–ª—å—Ü–µ–≤ (—Å–≤—è—â–µ–Ω–Ω–∏–∫, –∫–æ–º–º–∏–≤–æ—è–∂–µ—Ä, –ø—Ä–µ—Å—Ç—É–ø–Ω–∏—Ü–∞, –±—ã–≤—à–∞—è –ø–µ–≤–∏—Ü–∞) –∑–∞—Å–µ–ª—è—é—Ç—Å—è –≤ –Ω–æ–º–µ—Ä–∞, –ø–æ—Å–ª–µ —á–µ–≥–æ –≤ –æ—Ç–µ–ª–µ –ø–æ—è–≤–ª—è–µ—Ç—Å—è —Ö–∞—Ä–∏–∑–º–∞—Ç–∏—á–Ω—ã–π –ª–∏–¥–µ—Ä —Å–µ–∫—Ç—ã, –∏ –≤—Å–µ –ª–µ—Ç–∏—Ç –≤ —Ç–∞—Ä—Ç–∞—Ä–∞—Ä—ã. –°–Ω–∏–º–∞–ª —ç—Ç–æ –î—Ä—é –ì–æ–¥–¥–∞—Ä–¥, –¥–µ–±—é—Ç–∏—Ä–æ–≤–∞–≤—à–∏–π –≤ —Ä–µ–∂–∏—Å—Å—É—Ä–µ –æ—Ç–ª–∏—á–Ω—ã–º –º–µ—Ç–∞—Ö–æ—Ä—Ä–æ—Ä–æ–º ¬´–•–∏–∂–∏–Ω–∞ –≤ –ª–µ—Å—É¬ª, —Ç–∞–∫ —á—Ç–æ –µ—Å–ª–∏ –≤—ã –ª—é–±–∏—Ç–µ —ç—Ç–æ—Ç —Ñ–∏–ª—å–º, —Ç–æ –∏ –≤ ¬´–≠–ª—å –†–æ—è–ª—å¬ª –º–æ–∂–µ—Ç–µ –ø—Ä–∏—Ö–æ–¥–∏—Ç—å —Å–º–µ–ª–æ.', '', '¬´–ú—ç–Ω–¥–∏¬ª', '¬´–í—ã –≤–∏–¥–µ–ª–∏ —Ç–æ—Ç —Ñ–∏–ª—å–º —Å –ö–µ–π–¥–∂–µ–º, –≥–¥–µ –æ–Ω –∏–≥—Ä–∞–µ—Ç –ø—Å–∏—Ö–∞? –õ—É—á—à–∞—è –µ–≥–æ —Ä–æ–ª—å!¬ª ‚Äî –∫–∞–∂–µ—Ç—Å—è, —ç—Ç–æ –æ–¥–Ω–∞ –∏–∑ —Å–∞–º—ã—Ö –ø–æ–ø—É–ª—è—Ä–Ω—ã—Ö —Ä–µ–ø–ª–∏–∫ –Ω–∞ —Ñ–µ—Å—Ç–∏–≤–∞–ª—è—Ö —á—Ç–æ –≤ –ö–∞–Ω–Ω–∞—Ö, —á—Ç–æ –≤ –¢–æ—Ä–æ–Ω—Ç–æ. 1983 –≥–æ–¥, –∞–º–µ—Ä–∏–∫–∞–Ω—Å–∫–∞—è –≥–ª—É–±–∏–Ω–∫–∞. –õ–µ—Å–æ—Ä—É–± –†–µ–¥ –ú–∏–ª–ª–µ—Ä (–ù–∏–∫–æ–ª–∞—Å –ö–µ–π–¥–∂) –∂–∏–≤–µ—Ç –≤ –ª–µ—Å—É —Å–æ —Å–≤–æ–µ–π –ø–æ–¥—Ä—É–∂–∫–æ–π –ú—ç–Ω–¥–∏ (–ê–Ω–¥—Ä–µ–∞ –†–∞–π–∑–±–æ—Ä–æ). –ù–∞ –ø–∞—Ä—É –Ω–∞–ø–∞–¥–∞—é—Ç —á–ª–µ–Ω—ã —Å—Ç—Ä–∞–Ω—Å—Ç–≤—É—é—â–µ–≥–æ –∫—É–ª—å—Ç–∞ (–ø—Ä–∏ –ø–æ–º–æ—â–∏ —Ç—Ä–µ—Ö –¥–µ–º–æ–Ω–∏—á–µ—Å–∫–∏—Ö –±–∞–π–∫–µ—Ä–æ–≤), –≤—Å–µ –∑–∞–∫–∞–Ω—á–∏–≤–∞–µ—Ç—Å—è –ø–µ—á–∞–ª—å–Ω–æ, –∏ –†–µ–¥ –æ—Ç–ø—Ä–∞–≤–ª—è–µ—Ç—Å—è –º—Å—Ç–∏—Ç—å. –ö–∞–∫ –ø–∏—à–µ—Ç –±—Ä–∏—Ç–∞–Ω—Å–∫–∏–π Empire, ¬´–ø—Ä–µ–¥—Å—Ç–∞–≤—å—Ç–µ –æ–∂–∏–≤—à—É—é –≤–µ—Ä—Å–∏—é –æ–±–ª–æ–∂–µ–∫ –≥—Ä—É–ø–ø, –ø–æ—é—â–∏—Ö –æ –¥—Ä–∞–∫–æ–Ω–∞—Ö, –≤–∏–∫–∏–Ω–≥–∞—Ö, –°–æ–¥–æ–º–µ –∏ –ì–æ–º–æ—Ä—Ä–µ, –∏ –≤—Å–µ —ç—Ç–æ –ø–æ–¥ –º—É–∑—ã–∫—É –ø–æ–∫–æ–π–Ω–æ–≥–æ –ô–æ—Ö–∞–Ω–∞ –ô–æ—Ö–∞–Ω–Ω—Å—Å–æ–Ω–∞¬ª. –†–µ–∂–∏—Å—Å–µ—Ä–∞ –ü–∞–Ω–æ—Å–∞ –ö–æ—Å–º–∞—Ç–æ—Å–∞ —Ç–µ–ø–µ—Ä—å –Ω–∞–∑—ã–≤–∞—é—Ç –∏—Å–∫–ª—é—á–∏—Ç–µ–ª—å–Ω–æ –≤–∏–∑–∏–æ–Ω–µ—Ä–æ–º, —Ç–∞–∫ —á—Ç–æ –¥–∞–≤–∞–π—Ç–µ —Å–ª–µ–¥–∏—Ç—å –∑–∞ –µ–≥–æ –∫–∞—Ä—å–µ—Ä–æ–π.', '', '¬´–≠–∫—Å—Ç–∞–∑¬ª', '–î–ª—è —Ç–µ—Ö, –∫—Ç–æ –ª—é–±–∏—Ç –ø–æ–∫—Ä–µ–ø—á–µ, —Å–µ–∞–Ω—Å –≤–ª–∏–≤–∞–Ω–∏—è –∫–∏–Ω–µ–º–∞—Ç–æ–≥—Ä–∞—Ñ–∞ –ø—Ä—è–º–æ –≤ –≤–µ–Ω—É. –ù–æ–≤–∞—è –∫–∞—Ä—Ç–∏–Ω–∞ —Å–∫–∞–Ω–¥–∞–ª—å–Ω–æ–≥–æ —Ä–µ–∂–∏—Å—Å–µ—Ä–∞ –ì–∞—Å–ø–∞—Ä–∞ –ù–æ—ç –≤–ø–µ—Ä–≤—ã–µ –±—ã–ª–∞ –ø–æ–∫–∞–∑–∞–Ω–∞ –≤ –ö–∞–Ω–Ω–∞—Ö –∏ –º–æ–º–µ–Ω—Ç–∞–ª—å–Ω–æ –ø–æ–∫–æ—Ä–∏–ª–∞ –∫—Ä–∏—Ç–∏–∫–æ–≤. –†–µ–∂–∏—Å—Å–µ—Ä, –ø–æ–¥–≥–æ—Ç–æ–≤–∏–≤—à–∏–π —è–∑–≤–∏—Ç–µ–ª—å–Ω—ã–µ –ø–æ—Å—Ç–µ—Ä—ã (¬´–í—ã –ø—Ä–µ–∑–∏—Ä–∞–ª–∏ ‚Äû–û–¥–∏–Ω –ø—Ä–æ—Ç–∏–≤ –≤—Å–µ—Ö‚Äú, –Ω–µ–Ω–∞–≤–∏–¥–µ–ª–∏ ‚Äû–ù–µ–æ–±—Ä–∞—Ç–∏–º–æ—Å—Ç—å‚Äú, –ø–∏—Ç–∞–ª–∏ –æ—Ç–≤—Ä–∞—â–µ–Ω–∏–µ –∫ ‚Äû–í—Ö–æ–¥—É –≤ –ø—É—Å—Ç–æ—Ç—É‚Äú, –ø—Ä–æ–∫–ª–∏–Ω–∞–ª–∏ ‚Äû–õ—é–±–æ–≤—å‚Äú. –¢–µ–ø–µ—Ä—å –ø–æ–ø—Ä–æ–±—É–π—Ç–µ ‚Äû–≠–∫—Å—Ç–∞–∑‚Äú, –º–æ–π –Ω–æ–≤—ã–π —Ñ–∏–ª—å–º!¬ª), —è–≤–Ω–æ —Ç–∞–∫–æ–≥–æ –Ω–µ –æ–∂–∏–¥–∞–ª. –°—é–∂–µ—Ç –ø—Ä–æ—Å—Ç–æ–π. 1990-–µ, –∫–æ–º–ø–∞–Ω–∏—è —Ç–∞–Ω—Ü–æ—Ä–æ–≤ —Ä–µ–ø–µ—Ç–∏—Ä—É–µ—Ç –Ω–æ–º–µ—Ä, –∑–∞—Ç–µ–º —Ä–µ—à–∞–µ—Ç –≤—ã–ø–∏—Ç—å, –Ω–æ –≤ –∞–ª–∫–æ–≥–æ–ª—å –∫—Ç–æ-—Ç–æ –ø–æ–¥—Å—ã–ø–∞–ª –Ω–∞—Ä–∫–æ—Ç—ã. –ì–µ—Ä–æ—è–º —Å—Ç–∞–Ω–æ–≤–∏—Ç—Å—è –ø–ª–æ—Ö–æ, –æ—á–µ–Ω—å –ø–ª–æ—Ö–æ –∏ –æ–º–µ—Ä–∑–∏—Ç–µ–ª—å–Ω–æ.', '', '¬´–û—Å–Ω–æ–≤–∞–Ω–æ –Ω–∞ —Ä–µ–∞–ª—å–Ω—ã—Ö —Å–æ–±—ã—Ç–∏—è—Ö¬ª', '–î—Ä–∞–º–∞ –†–æ–º–∞–Ω–∞ –ü–æ–ª–∞–Ω—Å–∫–æ–≥–æ ‚Äî –µ—â–µ –æ–¥–∏–Ω –ø—Ä–∏–≤–µ—Ç —Å –ö–∞–Ω–Ω—Å–∫–æ–≥–æ —Ñ–µ—Å—Ç–∏–≤–∞–ª—è, –Ω–æ 2017 –≥–æ–¥–∞. –ü–æ—Å–ª–µ –¥–≤—É—Ö —Ç–µ–∞—Ç—Ä–∞–ª—å–Ω—ã—Ö –ø–æ—Å—Ç–∞–Ω–æ–≤–æ–∫ (¬´–†–µ–∑–Ω—è¬ª –∏ ¬´–í–µ–Ω–µ—Ä–∞ –≤ –º–µ—Ö–∞—Ö¬ª) —Ä–µ–∂–∏—Å—Å–µ—Ä –≤–µ—Ä–Ω—É–ª—Å—è –∫ –∂–∞–Ω—Ä—É —Ç—Ä–∏–ª–ª–µ—Ä–∞, –∫–æ—Ç–æ—Ä—ã–π –µ–º—É —Ç–∞–∫ —Ö–æ—Ä–æ—à–æ –¥–∞–≤–∞–ª—Å—è. –î–µ–ª—å—Ñ–∏–Ω–∞ (–≠–º–º–∞–Ω—é—ç–ª—å –°–µ–Ω—å–µ) –Ω–∞–ø–∏—Å–∞–ª–∞ –±–µ—Å—Ç—Å–µ–ª–ª–µ—Ä, –ø–æ—Å–≤—è—â–µ–Ω–Ω—ã–π —Å–∞–º–æ—É–±–∏–π—Å—Ç–≤—É –º–∞—Ç–µ—Ä–∏, –∏ –Ω–∞ –∞–≤—Ç–æ–≥—Ä–∞—Ñ-—Å–µ—Å—Å–∏–∏ –∫ –Ω–µ–π –ø–æ–¥—Ö–æ–¥–∏—Ç —Ç–∞–∏–Ω—Å—Ç–≤–µ–Ω–Ω–∞—è –∫—Ä–∞—Å–∞–≤–∏—Ü–∞ –≠–ª—å (–ï–≤–∞ –ì—Ä–∏–Ω). –í—Å–∫–æ—Ä–µ –æ–Ω–∞ –∑–∞–ø–æ–ª–Ω–∏—Ç —Å–æ–±–æ–π –ø—Ä–∞–∫—Ç–∏—á–µ—Å–∫–∏ –≤—Å–µ –ª–∏—á–Ω–æ–µ –ø—Ä–æ—Å—Ç—Ä–∞–Ω—Å—Ç–≤–æ –ø–∏—Å–∞—Ç–µ–ª—å–Ω–∏—Ü—ã, –ø–æ–∫–∞ —Ç–∞ –±—É–¥–µ—Ç —Å—Ä–∞–∂–∞—Ç—å—Å—è —Å —Ç–≤–æ—Ä—á–µ—Å–∫–∏–º —Å—Ç—É–ø–æ—Ä–æ–º, —Ç–æ—Å–∫–æ–≤–∞—Ç—å –ø–æ –º—É–∂—É –∏ –ø–æ–ª—É—á–∞—Ç—å –ø–∏—Å—å–º–∞ —Å —É–≥—Ä–æ–∑–∞–º–∏. –≠–ª—å –≤—ã–ø–æ–ª–Ω—è–µ—Ç —Ä–æ–ª—å –ª—É—á—à–µ–π –ø–æ–¥—Ä—É–≥–∏, –∞—Å—Å–∏—Å—Ç–µ–Ω—Ç–∫–∏ –∏ —Ç–≤–æ—Ä—á–µ—Å–∫–æ–≥–æ –Ω–∞—Å—Ç–∞–≤–Ω–∏–∫–∞, –∑–∞—Å—Ç–∞–≤–ª—è—é—â–µ–≥–æ –î–µ–ª—å—Ñ–∏–Ω—É —Å–Ω–æ–≤–∞ —Å–µ—Å—Ç—å –∑–∞ –¥–æ–∫—É–º–µ–Ω—Ç–∞–ª—å–Ω—É—é –∫–Ω–∏–≥—É. –ù–∏—á–µ–º —Ö–æ—Ä–æ—à–∏–º –≤—Å–µ —ç—Ç–æ –Ω–µ –∑–∞–∫–æ–Ω—á–∏—Ç—Å—è.', '', '', '¬´–ë–µ–∑ –º–µ–Ω—è¬ª', '–î—Ä–∞–º–∞ –ö–∏—Ä–∏–ª–ª–∞ –ü–ª–µ—Ç–Ω–µ–≤–∞ (—Å–æ–ø—Ä–æ–¥—é—Å–µ—Ä–æ–º –∫–∞—Ä—Ç–∏–Ω—ã –≤—ã—Å—Ç—É–ø–∏–ª ¬´–Ø–Ω–¥–µ–∫—Å¬ª) –ø–æ —Å—Ü–µ–Ω–∞—Ä–∏—é –∞–≤—Ç–æ—Ä–∞ ¬´–ò–∑–º–µ–Ω¬ª –î–∞—Ä—å–∏ –ì—Ä–∞—Ü–µ–≤–∏—á –Ω–µ–æ–∂–∏–¥–∞–Ω–Ω–æ —Å–º–æ—Ç—Ä–∏—Ç—Å—è —Å–æ–≤—Å–µ–º –Ω–µ —Ç–∞–∫, –∫–∞–∫, –≤–µ—Ä–æ—è—Ç–Ω–æ, –∑–∞–¥—É–º—ã–≤–∞–ª–∞—Å—å. –î–º–∏—Ç—Ä–∏–π (–†–∏–Ω–∞–ª—å –ú—É—Ö–∞–º–µ—Ç–æ–≤) —É–º–∏—Ä–∞–µ—Ç –æ—Ç —Ä–∞–∫–∞, –∏ –Ω–∞ –ø–æ—Ö–æ—Ä–æ–Ω—ã –∏–∑ –ü–µ—Ç–µ—Ä–±—É—Ä–≥–∞ –ø—Ä–∏–ª–µ—Ç–∞–µ—Ç –µ–≥–æ –±—ã–≤—à–∞—è –ö–∏—Ä–∞ (–ü–æ–ª–∏–Ω–∞ –ú–∞–∫—Å–∏–º–æ–≤–∞), –æ—Ç –∫–æ—Ç–æ—Ä–æ–π –æ–Ω —É—à–µ–ª –∫ —É—á–∏—Ç–µ–ª—å–Ω–∏—Ü–µ –º—É–∑—ã–∫–∏ –ö—Å—é—à–µ (–õ—é–±–æ–≤—å –ê–∫—Å–µ–Ω–æ–≤–∞). –†–µ–∑–∫–∞—è —ç–∫—Å—Ç—Ä–µ–º–∞–ª–∫–∞ –ö–∏—Ä–∞ —Å–æ–≤—Å–µ–º –Ω–µ –ø–æ—Ö–æ–∂–∞ –Ω–∞ —Ç–∏—Ö–æ–Ω—é –ö—Å—é—à—É, –Ω–æ –∂–µ–Ω—â–∏–Ω–∞–º –ø—Ä–∏–¥–µ—Ç—Å—è –Ω–∞–π—Ç–∏ –æ–±—â–∏–π —è–∑—ã–∫, –ø–æ—Ç–æ–º—É —á—Ç–æ –≤–Ω–µ–∑–∞–ø–Ω–æ –æ—Ç –î–∏–º—ã –Ω–∞—á–∏–Ω–∞—é—Ç –ø—Ä–∏—Ö–æ–¥–∏—Ç—å —Å–æ–æ–±—â–µ–Ω–∏—è. –û–Ω —Ö–æ—á–µ—Ç, —á—Ç–æ–±—ã –æ–Ω–∏ –æ—Ç–ø—Ä–∞–≤–∏–ª–∏—Å—å –≤–º–µ—Å—Ç–µ –≤ –ø—É—Ç–µ—à–µ—Å—Ç–≤–∏–µ, –∏ –¥–µ–≤—É—à–∫–∏ —Å–ª–µ–¥—É—é—Ç —É–∫–∞–∑–∞–Ω–∏—è–º, –ø–æ–ª–Ω—ã–µ –Ω–∞–¥–µ–∂–¥—ã, —á—Ç–æ –î–∏–º–∞ –Ω–∞ —Å–∞–º–æ–º –¥–µ–ª–µ –∂–∏–≤. –ù–∞–ø–æ–ª–Ω—è—è —Ñ–∏–ª—å–º —Ñ–ª–µ—à–±—ç–∫–∞–º–∏, —Ä–µ–∂–∏—Å—Å–µ—Ä –≤—Ä—è–¥ –ª–∏ –¥—É–º–∞–µ—Ç, –Ω–∞—Å–∫–æ–ª—å–∫–æ —Å—Ç—Ä–∞–Ω–Ω–æ –≤—ã–≥–ª—è–¥—è—Ç –æ—Ç–Ω–æ—à–µ–Ω–∏—è –î–∏–º—ã —Å –≥–µ—Ä–æ–∏–Ω—è–º–∏ ‚Äî —Ç–∞–∫, —á—Ç–æ –µ–≥–æ —Å–º–µ—Ä—Ç—å –∫–æ–º—É-—Ç–æ –º–æ–∂–µ—Ç –¥–∞–∂–µ –ø–æ–∫–∞–∑–∞—Ç—å—Å—è –±–ª–∞–≥–æ–º. –í–ø—Ä–æ—á–µ–º, –µ—Å–ª–∏ —Å–º–æ—Ç—Ä–µ—Ç—å —Å –¥—Ä—É–≥–æ–π —Å—Ç–æ—Ä–æ–Ω—ã, –º–æ–∂–Ω–æ —Å–∫–∞–∑–∞—Ç—å, —á—Ç–æ —É –Ω–∞—Å –ø–æ—è–≤–∏–ª—Å—è —Å–≤–æ–π ¬´–î–Ω–µ–≤–Ω–∏–∫ –ø–∞–º—è—Ç–∏¬ª ‚Äî –≤—ã–∂–∞—Ç—å —Å–ª–µ–∑—É —ç—Ç–æ—Ç —Ñ–∏–ª—å–º –º–æ–∂–µ—Ç –±–µ–∑ –ø—Ä–æ–±–ª–µ–º.', '']"
16|3271188|–¢—Ä–µ–π–ª–µ—Ä—ã –Ω–µ–¥–µ–ª–∏: –ë–ª–∞–≥–∏–µ –∑–Ω–∞–º–µ–Ω–∏—è, –≤—ã—Å—à–µ–µ –æ–±—â–µ—Å—Ç–≤–æ –∏ –º–∞–ª–µ–Ω—å–∫–∞—è –±–∞—Ä–∞–±–∞–Ω—â–∏—Ü–∞|–ö—É—Ä—Ç –†–∞—Å—Å–µ–ª —Ä–∞–∑–¥–∞–µ—Ç –ø–æ–¥–∞—Ä–∫–∏, —á–µ–ª–æ–≤–µ—á–µ—Å—Ç–≤–æ —Å—Ä–∞–∂–∞–µ—Ç—Å—è —Å –ö–∏–Ω–≥–æ–º –ì–∏–¥–æ—Ä–æ–π, –∞ –ü–∏—Ç–µ—Ä –î–∂–µ–∫—Å–æ–Ω —Ä–∞—Å—Å–∫–∞–∑—ã–≤–∞–µ—Ç –æ –ü–µ—Ä–≤–æ–π –º–∏—Ä–æ–≤–æ–π –≤–æ–π–Ω–µ.|['¬´–ê–º–µ—Ä–∏–∫–∞–Ω—Å–∫–∏–µ –±–æ–≥–∏¬ª, –≤—Ç–æ—Ä–æ–π —Å–µ–∑–æ–Ω', '', '–í—Ç–æ—Ä–æ–π —Å–µ–∑–æ–Ω —ç–∫—Ä–∞–Ω–∏–∑–∞—Ü–∏–∏ —Ä–æ–º–∞–Ω–∞ –ù–∏–ª–∞ –ì–µ–π–º–∞–Ω–∞ —Å—Ç–æ–ª–∫–Ω—É–ª—Å—è —Å –Ω–µ–æ–∂–∏–¥–∞–Ω–Ω—ã–º–∏ –ø—Ä–æ–±–ª–µ–º–∞–º–∏. –ü—Ä–æ–∏–∑–≤–æ–¥—Å—Ç–≤–æ –æ—Ç—Å—Ç–∞–µ—Ç –æ—Ç –Ω–∞–º–µ—á–µ–Ω–Ω–æ–≥–æ –≥—Ä–∞—Ñ–∏–∫–∞, —Å—Ü–µ–Ω–∞—Ä–∏–π –ø–æ—Å—Ç–æ—è–Ω–Ω–æ –º–µ–Ω—è—é—Ç –∏ –ø–µ—Ä–µ–ø–∏—Å—ã–≤–∞—é—Ç –ø—Ä—è–º–æ –Ω–∞ –º–µ—Å—Ç–µ (–∏–Ω–æ–≥–¥–∞ —ç—Ç–∏–º –ø—Ä–∏—Ö–æ–¥–∏—Ç—Å—è –∑–∞–Ω–∏–º–∞—Ç—å—Å—è —Å–∞–º–∏–º –∞–∫—Ç–µ—Ä–∞–º), –∞ –ø—Ä–æ–¥—é—Å–µ—Ä—ã —Å–ø–æ—Ä—è—Ç –∏–∑-–∑–∞ –±—é–¥–∂–µ—Ç–∞ –∏ –º–µ–Ω—è—é—Ç —à–æ—É—Ä–∞–Ω–Ω–µ—Ä–æ–≤. –§–∏–Ω–∞–ª –ø–µ—Ä–≤–æ–≥–æ —Å–µ–∑–æ–Ω–∞ –æ—Å—Ç–∞–≤–∏–ª –º–Ω–æ–≥–æ –≤–æ–ø—Ä–æ—Å–æ–≤, –∏ —Å–µ–π—á–∞—Å —Å–ª–æ–∂–Ω–æ —Å–∫–∞–∑–∞—Ç—å, –≤ –∫–∞–∫–æ–º –∏–º–µ–Ω–Ω–æ –Ω–∞–ø—Ä–∞–≤–ª–µ–Ω–∏–∏ –¥–≤–∏–Ω–µ—Ç—Å—è –ø—Ä–æ–µ–∫—Ç –¥–∞–ª—å—à–µ.', '¬´–ë–ª–∞–≥–∏–µ –∑–Ω–∞–º–µ–Ω–∏—è¬ª, –ø–µ—Ä–≤—ã–π —Å–µ–∑–æ–Ω', '', '–î–µ–º–æ–Ω –∏ –∞–Ω–≥–µ–ª –ø–æ–º–µ–Ω—è–ª–∏ —Ä–µ–±–µ–Ω–∫–∞ –ê–Ω—Ç–∏—Ö—Ä–∏—Å—Ç–∞, —á—Ç–æ–±—ã –æ—Å—Ç–∞–Ω–æ–≤–∏—Ç—å –∞–ø–æ–∫–∞–ª–∏–ø—Å–∏—Å. –ü–æ–ª—É—á–∏–ª–æ—Å—å —Ä–∞–∑–º—ã—à–ª–µ–Ω–∏–µ –Ω–∞ —Ç–µ–º—É ¬´–ü—Ä–∏—Ä–æ–¥–∞ –∏–ª–∏ –≤–æ—Å–ø–∏—Ç–∞–Ω–∏–µ¬ª, –∏ –µ—Å–ª–∏ –≤—ã –Ω–µ —á–∏—Ç–∞–ª–∏ –∫–Ω–∏–≥—É –¢–µ—Ä—Ä–∏ –ü—Ä–∞—Ç—á–µ—Ç—Ç–∞ –∏ –ù–∏–ª–∞ –ì–µ–π–º–∞–Ω–∞, —Ç–æ —Å–¥–µ–ª–∞–π—Ç–µ —ç—Ç–æ –≤ –±–ª–∏–∂–∞–π—à–µ–µ –≤—Ä–µ–º—è, –ø–æ–∫–∞ –Ω–µ –≤—ã—à–µ–ª —Å–µ—Ä–∏–∞–ª Amazon.', '¬´–í–µ—Ä–Ω—É—Ç—å –ë–µ–Ω–∞¬ª, —Ä–µ–∂–∏—Å—Å–µ—Ä –ü–∏—Ç–µ—Ä –•–µ–¥–∂–µ—Å', '', '–î–∂—É–ª–∏—è –†–æ–±–µ—Ä—Ç—Å –≤ —Ä–æ–ª–∏ –º–∞—Ç–µ—Ä–∏ —Ç—Ä—É–¥–Ω–æ–≥–æ —Ä–µ–±–µ–Ω–∫–∞, –∫–æ—Ç–æ—Ä—ã–π –≤–æ–∑–≤—Ä–∞—â–∞–µ—Ç—Å—è –¥–æ–º–æ–π, –ø–æ—Å–ª–µ —Ç–æ–≥–æ –∫–∞–∫ –ø—Ä–æ–≤–µ–ª –≤—Ä–µ–º—è –≤ —Ä–µ—Ö–∞–±–µ. –†–µ–±–µ–Ω–∫–∞ (–ø—É—Å—Ç—å –∏ –≤–∑—Ä–æ—Å–ª–æ–≥–æ —É–∂–µ) –∏–≥—Ä–∞–µ—Ç –õ—É–∫–∞—Å –•–µ–¥–∂–µ—Å, –æ–¥–∏–Ω –∏–∑ —Å–∞–º—ã—Ö –≤–æ—Å—Ç—Ä–µ–±–æ–≤–∞–Ω–Ω—ã—Ö –º–æ–ª–æ–¥—ã—Ö –∞–∫—Ç–µ—Ä–æ–≤ –ì–æ–ª–ª–∏–≤—É–¥–∞. –ë–µ–Ω—É –¥–æ–º–∞ –ø–ª–æ—Ö–æ, –∫–∞–∂–¥—ã–π —É–≥–æ–ª –Ω–∞–ø–æ–º–∏–Ω–∞–µ—Ç –æ –∑–∞–≤–∏—Å–∏–º–æ—Å—Ç–∏. –°–º–æ–∂–µ—Ç –ª–∏ –æ–Ω –≤–µ—Ä–Ω—É—Ç—å—Å—è –≤ —Å–µ–º—å—é –ø–æ-–Ω–∞—Å—Ç–æ—è—â–µ–º—É?', '¬´–í—ã—Å—à–µ–µ –æ–±—â–µ—Å—Ç–≤–æ¬ª, —Ä–µ–∂–∏—Å—Å–µ—Ä –ö–ª–µ—Ä –î–µ–Ω–∏', '', '–û–¥–∏–Ω –∏–∑ —Å–∞–º—ã—Ö —É–¥–∏–≤–∏—Ç–µ–ª—å–Ω—ã—Ö —Ñ–∏–ª—å–º–æ–≤, –ø–æ–∫–∞–∑–∞–Ω–Ω—ã—Ö –Ω–∞ –∫–∏–Ω–æ—Ñ–µ—Å—Ç–∏–≤–∞–ª–µ –≤ –¢–æ—Ä–æ–Ω—Ç–æ. –ì—Ä—É–ø–ø–∞ –∑–∞–∫–ª—é—á–µ–Ω–Ω—ã—Ö –æ—Ç–ø—Ä–∞–≤–ª—è–µ—Ç—Å—è –∫ —á–µ—Ä–Ω–æ–π –¥—ã—Ä–µ. –ü–æ–ø—É—Ç–Ω–æ –Ω–∞ –ø–µ—Ä—Å–æ–Ω–∞–∂–∞—Ö (—Å—Ä–µ–¥–∏ –Ω–∏—Ö –†–æ–±–µ—Ä—Ç –ü–∞—Ç—Ç–∏–Ω—Å–æ–Ω –∏ –ú–∏–∞ –ì–æ—Ç) –ø—Ä–æ–≤–æ–¥—è—Ç—Å—è —ç–∫—Å–ø–µ—Ä–∏–º–µ–Ω—Ç—ã. –î–æ–∫—Ç–æ—Ä –≤ –∏—Å–ø–æ–ª–Ω–µ–Ω–∏–∏ –ñ—é–ª—å–µ—Ç –ë–∏–Ω–æ—à –ø—ã—Ç–∞–µ—Ç—Å—è –≤—ã—Ä–∞—Å—Ç–∏—Ç—å –∏–¥–µ–∞–ª—å–Ω–æ–≥–æ —á–µ–ª–æ–≤–µ–∫–∞, –Ω–æ –ø–æ—Ö–æ–∂–µ, —á—Ç–æ —ç—Ç–æ –∑–∞–Ω—è—Ç–∏–µ –ø—Ä–∏–¥–µ—Ç—Å—è –ø—Ä–æ–¥–æ–ª–∂–∏—Ç—å –∫–æ–º—É-—Ç–æ –¥—Ä—É–≥–æ–º—É. –ù–∏—á–µ–≥–æ –Ω–µ –ø–æ–Ω—è–ª–∏? –ü–æ–¥—Ä–æ–±–Ω–æ –º—ã —Ä–∞—Å—Å–∫–∞–∑—ã–≤–∞–ª–∏ –∏–∑ –¢–æ—Ä–æ–Ω—Ç–æ.', '¬´–ì–æ–¥–∑–∏–ª–ª–∞: –ü–æ–∂–∏—Ä–∞—é—â–∏–π –ø–ª–∞–Ω–µ—Ç—É¬ª, —Ä–µ–∂–∏—Å—Å–µ—Ä—ã –•–∏—Ä–æ—é–∫–∏ –°—ç—Å–∏—Ç–∞ –∏ –°–∏–¥–∑—É–Ω–æ –ö–æ–±—É–Ω', '', '–ó–∞–∫–ª—é—á–∏—Ç–µ–ª—å–Ω–∞—è —á–∞—Å—Ç—å –∞–Ω–∏–º–µ-—Ç—Ä–∏–ª–æ–≥–∏–∏ –ø—Ä–æ –æ—Ç–Ω–æ—à–µ–Ω–∏—è –ª—é–¥–µ–π –∏ –≥–∏–≥–∞–Ω—Ç—Å–∫–æ–≥–æ —Ä–∞–¥–∏–æ–∞–∫—Ç–∏–≤–Ω–æ–≥–æ —è—â–µ—Ä–∞. –ß–µ–ª–æ–≤–µ—á–µ—Å—Ç–≤–æ –Ω–∞—Å—Ç–æ–ª—å–∫–æ –∑–∞–≥–∞–¥–∏–ª–æ —Ä–æ–¥–Ω—É—é –ø–ª–∞–Ω–µ—Ç—É, —á—Ç–æ –ó–µ–º–ª—è –≤–∫–ª—é—á–∏–ª–∞ –∑–∞—â–∏—Ç–Ω—ã–π –º–µ—Ö–∞–Ω–∏–∑–º –≤ –≤–∏–¥–µ –∞–≥—Ä–µ—Å—Å–∏–≤–Ω—ã—Ö –º–æ–Ω—Å—Ç—Ä–æ–≤. –í –ø—Ä–æ—à–ª—ã—Ö —Å–µ—Ä–∏—è—Ö –ª—é–¥–∏ –±–µ–∂–∞–ª–∏ –≤ –∫–æ—Å–º–æ—Å –∏, –Ω–µ –Ω–∞–π–¥—è –¥—Ä—É–≥–æ–≥–æ –ø—Ä–∏—Å—Ç–∞–Ω–∏—â–∞, –≤–µ—Ä–Ω—É–ª–∏—Å—å –∏ –≤—Å—Ç—Ä–µ—Ç–∏–ª–∏—Å—å —Å –Ω–æ–≤–æ–π —á–µ–ª–æ–≤–µ—á–µ—Å–∫–æ–π —Ü–∏–≤–∏–ª–∏–∑–∞—Ü–∏–µ–π, —Å–æ–≤–º–µ—Å—Ç–Ω—ã–º–∏ —É—Å–∏–ª–∏—è–º–∏ —Å –∫–æ—Ç–æ—Ä–æ–π –≤—Å–µ-—Ç–∞–∫–∏ –æ–¥–æ–ª–µ–ª–∏ —Å–∞–º–æ–≥–æ –±–æ–ª—å—à–æ–≥–æ –ì–æ–¥–∑–∏–ª–ª—É. –ù–æ –ø–ª–∞–Ω–µ—Ç–∞ –Ω–µ —Å–¥–∞–µ—Ç—Å—è –∏ –Ω–∞—Å—ã–ª–∞–µ—Ç –Ω–∞ —á–µ–ª–æ–≤–µ—á–µ—Å—Ç–≤–æ –±–æ–ª–µ–µ —ç—Ñ—Ñ–µ–∫—Ç–∏–≤–Ω–æ–µ —Å—Ä–µ–¥—Å—Ç–≤–æ ‚Äî –º–æ–Ω—Å—Ç—Ä–∞ –ö–∏–Ω–≥–∞ –ì–∏–¥–æ—Ä—É.', '¬´–õ—É—á—à–∏–µ –≤—Ä–∞–≥–∏¬ª, —Ä–µ–∂–∏—Å—Å–µ—Ä –†–æ–±–∏–Ω –ë–∏—Å—Å–µ–ª–ª', '', '–î–ª—è —Ç–µ—Ö, –∫–æ–º—É –ø–æ–Ω—Ä–∞–≤–∏–ª—Å—è ¬´–ß–µ—Ä–Ω—ã–π –∫–ª–∞–Ω–æ–≤–µ—Ü¬ª, ‚Äî –¥—Ä–∞–º–∞ –ø—Ä–æ —Ç–æ, –∫–∞–∫ —Ç–µ–º–Ω–æ–∫–æ–∂–∞—è –ø—Ä–∞–≤–æ–∑–∞—â–∏—Ç–Ω–∏—Ü–∞ (–¢–∞—Ä–∞–¥–∂–∏ –ü. –•—ç–Ω—Å–æ–Ω) —Å–º–æ–≥–ª–∞ –¥–æ—Å—Ç—É—á–∞—Ç—å—Å—è –¥–æ –∫—É–∫–ª—É—Å–∫–ª–∞–Ω–æ–≤—Ü–∞ –≤ –∏—Å–ø–æ–ª–Ω–µ–Ω–∏–∏ –°—ç–º–∞ –†–æ–∫—É—ç–ª–ª–∞ –∏ –æ–±—ä—è—Å–Ω–∏—Ç—å –µ–º—É, –ø–æ—á–µ–º—É —Å–µ–≥—Ä–µ–≥–∞—Ü–∏—è ‚Äî —ç—Ç–æ –ø–ª–æ—Ö–æ. –£—á–∏—Ç—ã–≤–∞—è, —á—Ç–æ –Ω–∞ –¥–≤–æ—Ä–µ 1971 –≥–æ–¥, —ç—Ç–æ –ø—Ä–∞–∫—Ç–∏—á–µ—Å–∫–∏ –Ω–µ—Ä–µ–∞–ª—å–Ω–∞—è –∏—Å—Ç–æ—Ä–∏—è. –ù–æ –ø—Ä–∞–≤–¥–∏–≤–∞—è. –ñ–¥–∏—Ç–µ, –∫–æ–≥–¥–∞ –∫—Ä–∏—Ç–∏–∫–∏ –±—É–¥—É—Ç –≤—Å–ø–æ–º–∏–Ω–∞—Ç—å, —á—Ç–æ –≤ ¬´–¢—Ä–µ—Ö –±–∏–ª–±–æ—Ä–¥–∞—Ö¬ª –†–æ–∫—É—ç–ª–ª —Ç–æ–∂–µ –∏–≥—Ä–∞–ª —Ä–∞—Å–∏—Å—Ç–∞.', '¬´–ú–∞–ª–µ–Ω—å–∫–∞—è –±–∞—Ä–∞–±–∞–Ω—â–∏—Ü–∞¬ª, —Ä–µ–∂–∏—Å—Å–µ—Ä –ü–∞–∫ –ß—Ö–∞–Ω-—É–∫', '', '–ü–∞–∫ –ß—Ö–∞–Ω-—É–∫ –ø–æ—Å–ª–µ —ç–∫—Å–ø–µ—Ä–∏–º–µ–Ω—Ç–∞ —Å –ø–µ—Ä–µ–¥–µ–ª–∫–æ–π –∞–Ω–≥–ª–æ—è–∑—ã—á–Ω–æ–π –ø—Ä–æ–∑—ã –Ω–∞ –≤–æ—Å—Ç–æ—á–Ω—ã–π –ª–∞–¥ (¬´–°–ª—É–∂–∞–Ω–∫–∞¬ª —Å–Ω—è—Ç–∞ –ø–æ —Ä–æ–º–∞–Ω—É –°–∞—Ä—ã –£–æ—Ç–µ—Ä—Å) —Å–Ω–æ–≤–∞ –≤–æ–∑–≤—Ä–∞—â–∞–µ—Ç—Å—è –∫ –∞–Ω–≥–ª–∏–π—Å–∫–æ–º—É —è–∑—ã–∫—É, –∫–æ—Ç–æ—Ä—ã–π –ø–æ–¥–≤–µ–ª –µ–≥–æ –≤ —Ñ–∏–ª—å–º–µ ¬´–ü–æ—Ä–æ—á–Ω—ã–µ –∏–≥—Ä—ã¬ª, –∏ —Å–Ω–∏–º–∞–µ—Ç —Å–µ—Ä–∏–∞–ª –ø–æ —Ä–æ–º–∞–Ω—É –º–∞—Å—Ç–µ—Ä–∞ —à–ø–∏–æ–Ω—Å–∫–∏—Ö –∏—Å—Ç–æ—Ä–∏–π –î–∂–æ–Ω–∞ –ª–µ –ö–∞—Ä—Ä–µ. –ê–ª–µ–∫—Å–∞–Ω–¥—Ä –°–∫–∞—Ä—Å–≥–∞—Ä–¥ –∏–≥—Ä–∞–µ—Ç –∞–≥–µ–Ω—Ç–∞ —Ä–∞–∑–≤–µ–¥–∫–∏, –∫–æ—Ç–æ—Ä—ã–π –≤–µ—Ä–±—É–µ—Ç –∞–Ω–≥–ª–∏—á–∞–Ω–∫—É (–æ—Ç–ª–∏—á–Ω–∞—è –∞–∫—Ç—Ä–∏—Å–∞ –§–ª–æ—Ä–µ–Ω—Å –ü—å—é), –≤—Ç—è–≥–∏–≤–∞—è –¥–µ–≤—É—à–∫—É –≤ –æ–ø–∞—Å–Ω—ã–π –∑–∞–≥–æ–≤–æ—Ä.', '¬´–ù–æ—á—å –∏–¥–µ—Ç –∑–∞ –Ω–∞–º–∏¬ª, —Ä–µ–∂–∏—Å—Å–µ—Ä –¢–∏–º–æ –¢—å—è–¥–∂–∞–Ω—Ç–æ', '', '–ü—Ä–æ—Å—Ç–æ–π –∏ –±–µ—Å–ø—Ä–æ–∏–≥—Ä—ã—à–Ω—ã–π —Å—é–∂–µ—Ç, –∫–æ—Ç–æ—Ä—ã–π –≤—ã —É–∂–µ –≤–∏–¥–µ–ª–∏ –≤ —Ä—è–¥–µ –∏–∑–≤–µ—Å—Ç–Ω—ã—Ö –∫–∞—Ä—Ç–∏–Ω (¬´–õ–µ–æ–Ω¬ª, ¬´–ß–µ–ª–æ–≤–µ–∫ –∏–∑ –Ω–∏–æ—Ç–∫—É–¥–∞¬ª, ¬´–¢–µ–±—è –Ω–∏–∫–æ–≥–¥–∞ –∑–¥–µ—Å—å –Ω–∞ –±—ã–ª–æ¬ª): –º—É–∂—á–∏–Ω–∞ —Å –Ω–∞–≤—ã–∫–∞–º–∏ —Å–ø–∞—Å–∞–µ—Ç –¥–µ–≤–æ—á–∫—É –≤ –Ω–µ–ø—Ä–æ—Å—Ç–æ–π –∂–∏–∑–Ω–µ–Ω–Ω–æ–π —Å–∏—Ç—É–∞—Ü–∏–∏. –î–ª—è —Ç–µ—Ö, –∫—Ç–æ –Ω–µ —Ç–µ—Ä—è–µ—Ç –Ω–∞–¥–µ–∂–¥ –¥–æ–∂–¥–∞—Ç—å—Å—è ¬´–†–µ–π–¥ 3¬ª. –ü—Ä–∏ –≤—ã–ø–æ–ª–Ω–µ–Ω–∏–∏ –æ—á–µ—Ä–µ–¥–Ω–æ–≥–æ –∑–∞–¥–∞–Ω–∏—è –∫–∏–ª–ª–µ—Ä —Ç—Ä–∏–∞–¥—ã –Ω–∞—Ä—É—à–∏–ª –ø—Ä–∞–≤–∏–ª–∞ ‚Äî –Ω–µ —Å–º–æ–≥ –∑–∞—Å—Ç–∞–≤–∏—Ç—å —Å–µ–±—è —É–±—Ä–∞—Ç—å –ø–æ—Å–ª–µ–¥–Ω—é—é —Å–≤–∏–¥–µ—Ç–µ–ª—å–Ω–∏—Ü—É. –í —Å–ø–∞—Å–µ–Ω–∏–∏ –∂–∏–∑–Ω–∏ –¥–µ–≤–æ—á–∫–∏ –æ–Ω —É–≤–∏–¥–µ–ª –∑–Ω–∞–∫ –∏ —à–∞–Ω—Å –Ω–∞ –∏—Å–∫—É–ø–ª–µ–Ω–∏–µ, –Ω–æ —É —Ç–∞–∫–æ–≥–æ –ø–æ—Å—Ç—É–ø–∫–∞ –±—É–¥—É—Ç —Å–µ—Ä—å–µ–∑–Ω—ã–µ –ø–æ—Å–ª–µ–¥—Å—Ç–≤–∏—è, –∏ —Ç–µ–ø–µ—Ä—å –æ—Ç—Å—Ç—É–ø–Ω–∏–∫—É –ø—Ä–µ–¥—Å—Ç–æ–∏—Ç –∏–º–µ—Ç—å –¥–µ–ª–æ —Å–æ –≤—Å–µ–π —É–±–∏–π—Å—Ç–≤–µ–Ω–Ω–æ–π –º–æ—â—å—é —Å–≤–æ–µ–π –ø—Ä–µ—Å—Ç—É–ø–Ω–æ–π –æ—Ä–≥–∞–Ω–∏–∑–∞—Ü–∏–∏.', '¬´–û–Ω–∏ –Ω–µ —Å–æ—Å—Ç–∞—Ä—è—Ç—Å—è¬ª, —Ä–µ–∂–∏—Å—Å–µ—Ä –ü–∏—Ç–µ—Ä –î–∂–µ–∫—Å–æ–Ω', '', '–¢–æ—Ç —Å–∞–º—ã–π –ø—Ä–æ–µ–∫—Ç –ü–∏—Ç–µ—Ä–∞ –î–∂–µ–∫—Å–æ–Ω–∞, —Ä–∞–¥–∏ –∫–æ—Ç–æ—Ä–æ–≥–æ –æ–Ω –ø—Ä–æ–≤–µ–ª —Å–∫—Ä—É–ø—É–ª–µ–∑–Ω–µ–π—à—É—é —Ä–∞–±–æ—Ç—É –Ω–∞–¥ –∫–∞–¥—Ä–∞–º–∏ —Ö—Ä–æ–Ω–∏–∫–∏ –ü–µ—Ä–≤–æ–π –º–∏—Ä–æ–≤–æ–π –≤–æ–π–Ω—ã. –†–µ–∂–∏—Å—Å–µ—Ä ¬´–í–ª–∞—Å—Ç–µ–ª–∏–Ω–∞ –∫–æ–ª–µ—Ü¬ª –∏—Å–ø–æ–ª—å–∑–æ–≤–∞–ª –∞—Ä—Ö–∏–≤–Ω—ã–µ –∫–∞–¥—Ä—ã –∏–∑ –ò–º–ø–µ—Ä—Å–∫–æ–≥–æ –≤–æ–µ–Ω–Ω–æ–≥–æ –º—É–∑–µ—è –ë—Ä–∏—Ç–∞–Ω–∏–∏ –∏ –∑–≤—É–∫–æ–∑–∞–ø–∏—Å–∏ –∏–∑ –∞—Ä—Ö–∏–≤–æ–≤ BBC. –ó–≤—É–∫ —Å—Ç–∞–ª –∏–¥–µ–∞–ª—å–Ω—ã–º, –∏–∑–æ–±—Ä–∞–∂–µ–Ω–∏–µ ‚Äî —Ü–≤–µ—Ç–Ω—ã–º –∏, —á—Ç–æ –Ω–µ–º–∞–ª–æ–≤–∞–∂–Ω–æ, –µ—Å—Ç–µ—Å—Ç–≤–µ–Ω–Ω—ã–º, –ø–æ—Å–∫–æ–ª—å–∫—É –î–∂–µ–∫—Å–æ–Ω –æ—Ç—Ä–µ–≥—É–ª–∏—Ä–æ–≤–∞–ª —Å–∫–æ—Ä–æ—Å—Ç—å.', '¬´–ü–∞—Ü–∞–Ω—ã¬ª, –ø–µ—Ä–≤—ã–π —Å–µ–∑–æ–Ω', '', '–ü–µ—Ä–≤—ã–π —Ç–æ–º –æ–¥–Ω–æ–∏–º–µ–Ω–Ω–æ–≥–æ –∫–æ–º–∏–∫—Å–∞ —É–∂–µ –¥–æ—Å—Ç—É–ø–µ–Ω –Ω–∞ —Ä—É—Å—Å–∫–æ–º, –Ω–æ –Ω–µ —Å–ø–µ—à–∏—Ç–µ –ø–æ–∫—É–ø–∞—Ç—å –∫–Ω–∏–≥—É –¥–µ—Ç—è–º: ¬´–ü–∞—Ü–∞–Ω—ã¬ª —Å–æ–≤—Å–µ–º –Ω–µ –¥–µ—Ç—Å–∫–∏–π —Å–µ—Ä–∏–∞–ª. –°—É–ø–µ—Ä–≥–µ—Ä–æ–∏ —Ç–æ–ª—å–∫–æ —Å–æ —Å—Ç–æ—Ä–æ–Ω—ã –∫–∞–∂—É—Ç—Å—è –∏–¥–µ–∞–ª—å–Ω—ã–º–∏, –Ω–∞ —Å–∞–º–æ–º –¥–µ–ª–µ –æ–Ω–∏ –ø—Ä–æ–≥–Ω–∏–ª–∏ –Ω–∞—Å–∫–≤–æ–∑—å. –ß—Ç–æ–±—ã –∫–æ–Ω—Ç—Ä–æ–ª–∏—Ä–æ–≤–∞—Ç—å —Ä–∞–∑–±–æ–ª—Ç–∞–≤—à–∏—Ö—Å—è —Å—É–ø–µ—Ä–æ–≤, —Å–æ–∑–¥–∞–Ω—ã –≤–æ—Ç —ç—Ç–∏ —Ä–µ–±—è—Ç–∞. –ö–∞—Ä–ª –£—Ä–±–∞–Ω –∏–≥—Ä–∞–µ—Ç –≥–ª–∞–≤—É –æ—Ä–≥–∞–Ω–∏–∑–∞—Ü–∏–∏, –∞ –≥–¥–µ-—Ç–æ –∑–∞–ø—Ä—è—Ç–∞–Ω–æ –∫–∞–º–µ–æ –°–∞–π–º–æ–Ω–∞ –ü–µ–≥–≥–∞, —Å –∫–æ—Ç–æ—Ä–æ–≥–æ —Å—Ä–∏—Å–æ–≤–∞–Ω –æ–¥–∏–Ω –∏–∑ –ø–µ—Ä—Å–æ–Ω–∞–∂–µ–π –∫–æ–º–∏–∫—Å–∞.', '¬´–ü–æ–º–µ—à–∞–Ω–Ω—ã–π –Ω–∞ –≤—Ä–µ–º–µ–Ω–∏¬ª, —Ä–µ–∂–∏—Å—Å–µ—Ä –≠–Ω–¥—Ä—é –ë–æ—É–ª–µ—Ä', '', '–°–æ—Ñ–∏ –¢–µ—Ä–Ω–µ—Ä –±—Ä–æ—Å–∞–µ—Ç –≠–π—Å—É –ë–∞—Ç—Ç–µ—Ä—Ñ–∏–ª–¥–∞, –Ω–æ –æ–Ω –Ω–µ —Å–¥–∞–µ—Ç—Å—è –∏ —Å–æ–±–∏—Ä–∞–µ—Ç –º–∞—à–∏–Ω—É –≤—Ä–µ–º–µ–Ω–∏, —á—Ç–æ–±—ã –≤–µ—Ä–Ω—É—Ç—å –¥–µ–≤—É—à–∫—É. –í –æ—Ç–ª–∏—á–∏–µ –æ—Ç –≥–µ—Ä–æ—è ¬´–î–Ω—è —Å—É—Ä–∫–∞¬ª, –æ–Ω –ø–µ—Ä–µ–∂–∏–≤–∞–µ—Ç –∑–∞–Ω–æ–≤–æ –≤—Å–µ —Å–æ–±—ã—Ç–∏—è, –∫–æ—Ç–æ—Ä—ã–µ –µ–º—É –Ω—É–∂–Ω—ã. –ú–æ–∂–Ω–æ –±—ã–ª–æ –±—ã, –∫–æ–Ω–µ—á–Ω–æ, –∏–∑–º–µ–Ω–∏—Ç—å —Ö–æ–¥ –∏—Å—Ç–æ—Ä–∏–∏, –Ω–æ –ø–æ–¥—Ä–æ—Å—Ç–∫–æ–≤—ã–π –º–∞–∫—Å–∏–º–∞–ª–∏–∑–º —Ç—Ä–µ–±—É–µ—Ç –ª—é–±–≤–∏.', '¬´–†–æ–∂–¥–µ—Å—Ç–≤–µ–Ω—Å–∫–∏–µ —Ö—Ä–æ–Ω–∏–∫–∏¬ª, —Ä–µ–∂–∏—Å—Å–µ—Ä –ö–ª—ç–π –ö—ç–π—Ç–∏—Å', '', '–°–∞–Ω—Ç–∞-–ö–ª–∞—É—Å –±–æ–ª—å—à–µ –Ω–µ —Å—Ç–∞—Ä–∏—á–æ–∫ —Å –æ–¥—ã—à–∫–æ–π ‚Äî –≤ —ç—Ç–æ–º —Ñ–∏–ª—å–º–µ –µ–≥–æ –∏–≥—Ä–∞–µ—Ç –ö—É—Ä—Ç –†–∞—Å—Å–µ–ª. –ü—Ä–æ–µ–∫—Ç Netflix, –∫ –∫–æ—Ç–æ—Ä–æ–º—É –ø—Ä–∏–ª–æ–∂–∏–ª–∏ —Ä—É–∫—É –ø—Ä–æ–¥—é—Å–µ—Ä—ã ¬´–ì–∞—Ä—Ä–∏ –ü–æ—Ç—Ç–µ—Ä–∞¬ª –∏ ¬´–û–¥–Ω–æ–≥–æ –¥–æ–º–∞¬ª, —Å–Ω—è—Ç —Å–ø–µ—Ü–∏–∞–ª—å–Ω–æ –¥–ª—è —Ç–æ–≥–æ, —á—Ç–æ–±—ã –ø—Ä–∏–±–∞–≤–∏—Ç—å –≤–∞–º –Ω–æ–≤–æ–≥–æ–¥–Ω–µ–≥–æ –Ω–∞—Å—Ç—Ä–æ–µ–Ω–∏—è.', '¬´–°–æ–∑–¥–∞–≤–∞—è —É–±–∏–π—Ü—É¬ª, –≤—Ç–æ—Ä–æ–π —Å–µ–∑–æ–Ω', '', '–ì–ª–∞–≤–Ω—ã–π –∫–æ–Ω–µ–∫ Netflix ‚Äî —Å–æ–±—Å—Ç–≤–µ–Ω–Ω–æ–µ –ø—Ä–æ–∏–∑–≤–æ–¥—Å—Ç–≤–æ, –∏ –¥–æ–∫—É–º–µ–Ω—Ç–∞–ª—å–Ω—ã–µ —Å–µ—Ä–∏–∞–ª—ã –¥–∞—é—Ç—Å—è —Å—Ç—Ä–∏–º–∏–Ω–≥-—Å–µ—Ä–≤–∏—Å—É —á—É—Ç—å –ª–∏ –Ω–µ –ª—É—á—à–µ –≤—Å–µ–≥–æ. –°—Ç–∏–≤–µ–Ω –≠–≤–µ—Ä–∏ –æ—Ç—Å–∏–¥–µ–ª 18 –ª–µ—Ç –∑–∞ –ø—Ä–µ—Å—Ç—É–ø–ª–µ–Ω–∏–µ, –∫–æ—Ç–æ—Ä–æ–µ –Ω–µ —Å–æ–≤–µ—Ä—à–∞–ª, –Ω–æ –≤–ø–æ—Å–ª–µ–¥—Å—Ç–≤–∏–∏ –Ω–æ–≤—ã–µ —É–ª–∏–∫–∏ –ø–æ–∫–∞–∑–∞–ª–∏ –Ω–∞ –µ–≥–æ –ø—Ä–∏—á–∞—Å—Ç–Ω–æ—Å—Ç—å –∫ —É–±–∏–π—Å—Ç–≤—É —Ñ–æ—Ç–æ–≥—Ä–∞—Ñ–∞ –¢–µ—Ä–µ–∑—ã –•–æ–ª–±–∞–∫. –í—Ç–æ—Ä–æ–π —Å–µ–∑–æ–Ω —Å–µ—Ä–∏–∞–ª–∞ –∫–∞–∫ —Ä–∞–∑ —Ä–∞—Å—Å–ª–µ–¥—É–µ—Ç —Ç–æ, —á—Ç–æ —Å–ª—É—á–∏–ª–æ—Å—å —Å –•–æ–ª–±–∞–∫ –Ω–∞ —Å–∞–º–æ–º –¥–µ–ª–µ, –∞ –≤ —Ü–µ–Ω—Ç—Ä–µ —Å–æ–±—ã—Ç–∏–π ‚Äî –∞–¥–≤–æ–∫–∞—Ç –≠–≤–µ—Ä–∏, –∫–æ—Ç–æ—Ä–∞—è –ø—ã—Ç–∞–µ—Ç—Å—è –¥–æ–∫–∞–∑–∞—Ç—å –µ–≥–æ –Ω–µ–≤–∏–Ω–æ–≤–Ω–æ—Å—Ç—å.', '¬´–•—Ä–æ–Ω–∏–∫–∏ —Ö–∏—â–Ω—ã—Ö –≥–æ—Ä–æ–¥–æ–≤¬ª, —Ä–µ–∂–∏—Å—Å–µ—Ä –ö—Ä–∏—Å—Ç–∏–∞–Ω –†–∏–≤–µ—Ä—Å', '', '–£ –ü–∏—Ç–µ—Ä–∞ –î–∂–µ–∫—Å–æ–Ω–∞ —É–∂–µ –±—ã–ª –æ–¥–∏–Ω –ø—Ä–æ—Ç–µ–∂–µ ‚Äî –ù–∏–ª –ë–ª–æ–º–∫–∞–º–ø, —Å–Ω—è–≤—à–∏–π –ø–æ–¥ —á—É—Ç–∫–∏–º —Ä—É–∫–æ–≤–æ–¥—Å—Ç–≤–æ–º –ø–æ—Å—Ç–∞–Ω–æ–≤—â–∏–∫–∞ ¬´–†–∞–π–æ–Ω ‚Ññ 9¬ª. –¢–µ–ø–µ—Ä—å –î–∂–µ–∫—Å–æ–Ω –≤—ã–ø–µ—Å—Ç–æ–≤–∞–ª –Ω–æ–≤–æ–µ –¥–∞—Ä–æ–≤–∞–Ω–∏–µ ‚Äî –ö—Ä–∏—Å—Ç–∏–∞–Ω–∞ –†–∏–≤–µ—Ä—Å–∞, –Ω–æ–≤–æ–∑–µ–ª–∞–Ω–¥—Å–∫–æ–≥–æ —Ö—É–¥–æ–∂–Ω–∏–∫–∞ –∏ —Å—É–ø–µ—Ä–≤–∞–π–∑–µ—Ä–∞ –≤–∏–∑—É–∞–ª—å–Ω—ã—Ö —ç—Ñ—Ñ–µ–∫—Ç–æ–≤. –†–∏–≤–µ—Ä—Å –ø–æ–∑–Ω–∞–∫–æ–º–∏–ª—Å—è —Å –î–∂–µ–∫—Å–æ–Ω–æ–º, –∫–æ–≥–¥–∞ –µ–º—É –±—ã–ª–æ 17 –ª–µ—Ç. –°–µ–π—á–∞—Å –µ–º—É —É–∂–µ –∑–∞ 40, –∏ –æ–Ω –¥–µ–±—é—Ç–∏—Ä—É–µ—Ç –≤ –±–æ–ª—å—à–æ–º –∫–∏–Ω–æ —Ñ–∏–ª—å–º–æ–º –ø—Ä–æ —à–∞–≥–∞—é—â–∏–µ –≥–æ—Ä–æ–¥–∞.                              ']
17|3270781|–í —á–µ—Ç–≤–µ—Ä—Ç—ã—Ö ¬´–ú—Å—Ç–∏—Ç–µ–ª—è—Ö¬ª –º–æ–∂–µ—Ç –ø–æ—è–≤–∏—Ç—å—Å—è –Ω–æ–≤—ã–π —Å—É–ø–µ—Ä–∑–ª–æ–¥–µ–π|–í –ø—Ä–æ–¥–æ–ª–∂–µ–Ω–∏–∏ ¬´–í–æ–π–Ω—ã –±–µ—Å–∫–æ–Ω–µ—á–Ω–æ—Å—Ç–∏¬ª –≥–µ—Ä–æ–∏ —Å—Ç–æ–ª–∫–Ω—É—Ç—Å—è —Å –Ω–æ–≤–æ–π —É–≥—Ä–æ–∑–æ–π.|['–ß–µ—Ç–≤–µ—Ä—Ç—ã–µ ¬´–ú—Å—Ç–∏—Ç–µ–ª–∏¬ª —É–≤–∏–¥—è—Ç —Å–≤–µ—Ç –ª–∏—à—å –≤–µ—Å–Ω–æ–π 2019 –≥–æ–¥–∞, –Ω–æ –≤ —Å–µ—Ç–∏ —É–∂–µ –≤—Å–ø–ª—ã–≤–∞—é—Ç –ø–µ—Ä–≤—ã–µ —Ñ–æ—Ç–æ–≥—Ä–∞—Ñ–∏–∏ –º–µ—Ä—á–µ–Ω–¥–∞–π–∑–∞, —Å–≤—è–∑–∞–Ω–Ω–æ–≥–æ —Å –±—É–¥—É—â–∏–º –±–ª–æ–∫–±–∞—Å—Ç–µ—Ä–æ–º. –ë–ª–∞–≥–æ–¥–∞—Ä—è —ç—Ç–æ–º—É –ø–æ—è–≤–∏–ª–∞—Å—å –∏–Ω—Ñ–æ—Ä–º–∞—Ü–∏—è, —á—Ç–æ –≤ —Ñ–∏–ª—å–º–µ, –∫—Ä–æ–º–µ –¢–∞–Ω–æ—Å–∞, –±—É–¥–µ—Ç –µ—â–µ –æ–¥–∏–Ω –∑–ª–æ–¥–µ–π, –∞ –≥–µ—Ä–æ–∏ –ø—Ä–∏–º–µ—Ä—è—Ç –Ω–æ–≤—ã–µ –∫–æ—Å—Ç—é–º—ã.', '', '–ù–∞ —Ñ–æ—Ç–æ –≤–∏–¥–Ω–æ, —á—Ç–æ —É –¢–æ—Ä–∞ –∏ –†–∞–∫–µ—Ç—ã (–∞ —Ç–∞–∫–∂–µ —É –ö–∞–ø–∏—Ç–∞–Ω–∞ –ê–º–µ—Ä–∏–∫–∞ –≤ —É–≥–ª—É) –æ–¥–∏–Ω–∞–∫–æ–≤—ã–µ —Ç–µ—Ö–Ω–æ–ª–æ–≥–∏—á–Ω—ã–µ –∫–æ—Å—Ç—é–º—ã, –Ω–∞–ø–æ–º–∏–Ω–∞—é—â–∏–µ –ª–µ–≥–∫–∏–µ —Å–∫–∞—Ñ–∞–Ω–¥—Ä—ã. –ï—Å—Ç—å –≤–µ—Ä–æ—è—Ç–Ω–æ—Å—Ç—å, —á—Ç–æ —ç—Ç–æ –ª–∏—à—å —á–∞—Å—Ç—å –æ–±—Ä–∞–∑–∞ –¥–ª—è –æ—Ç–¥–µ–ª—å–Ω–æ–π –ª–∏–Ω–µ–π–∫–∏ –∏–≥—Ä—É—à–µ–∫, –Ω–æ –µ—Å—Ç—å –∏ –ø—Ä–µ–¥–ø–æ–ª–æ–∂–µ–Ω–∏—è, —á—Ç–æ –∫–æ—Å—Ç—é–º—ã –∫–∞–∫-—Ç–æ —Å–≤—è–∑–∞–Ω—ã —Å —Å—é–∂–µ—Ç–æ–º. –í–æ–∑–º–æ–∂–Ω–æ, –≥–µ—Ä–æ–∏ –∏—Å–ø–æ–ª—å–∑—É—é—Ç –∏—Ö –¥–ª—è –ø—Ä–æ–Ω–∏–∫–Ω–æ–≤–µ–Ω–∏—è –≤ –∫–≤–∞–Ω—Ç–æ–≤—ã–π –º–∏—Ä, –≥–¥–µ –∑–∞—Å—Ç—Ä—è–ª –°–∫–æ—Ç—Ç –õ—ç–Ω–≥ –≤ —Ñ–∏–Ω–∞–ª–µ –≤—Ç–æ—Ä–æ–≥–æ ¬´–ß–µ–ª–æ–≤–µ–∫–∞-–º—É—Ä–∞–≤—å—è¬ª.', '–ö–æ—Å—Ç—é–º –¢–æ—Ä–∞', '¬´–ê—Å–≥–∞—Ä–¥–µ—Ü –¢–æ—Ä –æ—Ç–ø—Ä–∞–≤–ª—è–µ—Ç—Å—è –≤ –±–æ–π —Å –Ω–æ–≤—ã–º–∏ –≤—Ä–∞–≥–∞–º–∏ —Å –º–æ–≥—É—á–∏–º –ì—Ä–æ–º–æ–±–æ–µ–º –Ω–∞–ø–µ—Ä–µ–≤–µ—Å, ‚Äî –≥–ª–∞—Å–∏—Ç –Ω–∞–¥–ø–∏—Å—å –Ω–∞ –∫–æ—Ä–æ–±–∫–µ. ‚Äî –†–∞–∫–µ—Ç–∞ –æ–±—ä–µ–¥–∏–Ω—è–µ—Ç—Å—è —Å –Ω–æ–≤–æ–π –∫–æ–º–∞–Ω–¥–æ–π, —á—Ç–æ–±—ã –∑–∞—â–∏—Ç–∏—Ç—å –≥–∞–ª–∞–∫—Ç–∏–∫—É –æ—Ç –µ—â–µ –±–æ–ª—å—à–µ–π —É–≥—Ä–æ–∑—ã¬ª.', '–ü–æ–¥ –Ω–æ–≤–æ–π –∫–æ–º–∞–Ω–¥–æ–π, —Å–∫–æ—Ä–µ–µ –≤—Å–µ–≥–æ, –ø–æ–¥—Ä–∞–∑—É–º–µ–≤–∞—é—Ç—Å—è –ú—Å—Ç–∏—Ç–µ–ª–∏, –Ω–æ –≤–æ—Ç —á—Ç–æ –∑–∞ –Ω–æ–≤–∞—è —É–≥—Ä–æ–∑–∞? –§–∞–Ω–∞—Ç—ã —Å—á–∏—Ç–∞—é—Ç, —á—Ç–æ —ç—Ç–æ —Å–≤—è–∑–∞–Ω–æ —Å –æ–¥–Ω–∏–º –∏–∑ –ø—Ä–µ–¥–ø–æ–ª–∞–≥–∞–µ–º—ã—Ö –ø–æ–¥–∑–∞–≥–æ–ª–æ–≤–∫–æ–≤ ¬´–ú—Å—Ç–∏—Ç–µ–ª–µ–π 4¬ª ‚Äî ¬´–ê–Ω–Ω–∏–≥–∏–ª—è—Ü–∏—è¬ª, ‚Äî –∫–æ—Ç–æ—Ä—ã–π –∑–∞–∏–º—Å—Ç–≤—É–µ—Ç—Å—è –∏–∑ –Ω–∞–∑–≤–∞–Ω–∏—è –∫–æ–º–∏–∫—Å-—Å—é–∂–µ—Ç–∞ –æ –≤—Ç–æ—Ä–∂–µ–Ω–∏–∏ –∏–∑ –ù–µ–≥–∞—Ç–∏–≤–Ω–æ–π –∑–æ–Ω—ã.', '–¢–∞–∫–∏–º –æ–±—Ä–∞–∑–æ–º, –Ω–æ–≤–æ–π —É–≥—Ä–æ–∑–æ–π, —Å–ø–æ—Å–æ–±–Ω–æ–π —Å–æ—Å—Ç–∞–≤–∏—Ç—å –∫–æ–Ω–∫—É—Ä–µ–Ω—Ü–∏—é –¢–∞–Ω–æ—Å—É, –º–æ–∂–µ—Ç —Å—Ç–∞—Ç—å –ê–Ω–Ω–∏–≥–∏–ª—É—Å. –ü—Ä–∞–≤–∏—Ç–µ–ª—å –∏–∑–º–µ—Ä–µ–Ω–∏—è –ù–µ–≥–∞—Ç–∏–≤–Ω–∞—è –∑–æ–Ω–∞, –æ–Ω –≤–æ–∑–≥–ª–∞–≤–ª—è–µ—Ç –æ–≥—Ä–æ–º–Ω—É—é –∞—Ä–º–∏—é —Ä–∞–∑–Ω–æ–æ–±—Ä–∞–∑–Ω—ã—Ö –æ–ø–∞—Å–Ω—ã—Ö —Å—É—â–µ—Å—Ç–≤, –≥–æ—Ç–æ–≤—ã—Ö –ø–æ –ø–µ—Ä–≤–æ–º—É –∑–æ–≤—É –ª–∏–¥–µ—Ä–∞ —É–Ω–∏—á—Ç–æ–∂–∏—Ç—å –≤—Å–µ –Ω–∞ —Å–≤–æ–µ–º –ø—É—Ç–∏. –ê–Ω–Ω–∏–≥–∏–ª—É—Å —Ñ–∞–∫—Ç–∏—á–µ—Å–∫–∏ –±–µ—Å—Å–º–µ—Ä—Ç–µ–Ω –∏ –Ω–µ–æ–¥–Ω–æ–∫—Ä–∞—Ç–Ω–æ –ø–æ—è–≤–ª—è–ª—Å—è –Ω–∞ —Å—Ç—Ä–∞–Ω–∏—Ü–∞—Ö –∫–æ–º–∏–∫—Å–æ–≤. –í —á–∞—Å—Ç–Ω–æ—Å—Ç–∏, –æ–¥–Ω–∞–∂–¥—ã –æ–Ω –≤—Å—Ç–∞–ª –≤–æ –≥–ª–∞–≤–µ –í–æ–ª–Ω—ã –ê–Ω–Ω–∏–≥–∏–ª—è—Ü–∏–∏ ‚Äî –æ–≥—Ä–æ–º–Ω–æ–≥–æ —Ñ–ª–æ—Ç–∞ –±–æ–µ–≤—ã—Ö –∫–æ—Ä–∞–±–ª–µ–π –∏–∑ –ù–µ–≥–∞—Ç–∏–≤–Ω–æ–π –∑–æ–Ω—ã, –∫–æ—Ç–æ—Ä—ã–µ –≤–æ—Ä–≤–∞–ª–∏—Å—å –≤ –æ–±—ã—á–Ω–æ–µ –∏–∑–º–µ—Ä–µ–Ω–∏–µ –∏ –ø–æ–ø—ã—Ç–∞–ª–∏—Å—å –∑–∞–≤–æ–µ–≤–∞—Ç—å –í—Å–µ–ª–µ–Ω–Ω—É—é.', '–ê–Ω–Ω–∏–≥–∏–ª—É—Å / –ò–∑–æ–±—Ä–∞–∂–µ–Ω–∏–µ: Marvel', '–ü—Ä–æ–±–ª–µ–º–∞ —Å —ç—Ç–æ–π —Ç–µ–æ—Ä–∏–µ–π –∑–∞–∫–ª—é—á–∞–µ—Ç—Å—è –≤ —Ç–æ–º, —á—Ç–æ –ê–Ω–Ω–∏–≥–∏–ª—É—Å ‚Äî —Ä–µ–≥—É–ª—è—Ä–Ω—ã–π –≤—Ä–∞–≥ –§–∞–Ω—Ç–∞—Å—Ç–∏—á–µ—Å–∫–æ–π –ß–µ—Ç–≤–µ—Ä–∫–∏, –ø—Ä–∞–≤–∞ –Ω–∞ –∫–æ—Ç–æ—Ä—É—é –ø–æ–∫–∞ –ø—Ä–∏–Ω–∞–¥–ª–µ–∂–∞—Ç Fox. –° –¥—Ä—É–≥–æ–π —Å—Ç–æ—Ä–æ–Ω—ã, —Å–ª–∏—è–Ω–∏–µ —Å Disney –¥–æ–ª–∂–Ω–æ —Å–æ—Å—Ç–æ—è—Ç—å—Å—è –≤ –ø–µ—Ä–≤—ã–µ –º–µ—Å—è—Ü—ã 2019 –≥–æ–¥–∞, –¥–æ –≤—ã—Ö–æ–¥–∞ ¬´–ú—Å—Ç–∏—Ç–µ–ª–µ–π 4¬ª, —Ç–∞–∫ —á—Ç–æ Marvel –º–æ–∂–µ—Ç —É—Å–ø–µ—Ç—å –ø–æ–ª—É—á–∏—Ç—å –ø—Ä–∞–≤–∞ –Ω–∞ –∑–ª–æ–¥–µ—è –¥–æ –º–∞—è.', '–†–æ—Å—Å–∏–π—Å–∫–∞—è –ø—Ä–µ–º—å–µ—Ä–∞ ¬´–ú—Å—Ç–∏—Ç–µ–ª–µ–π 4¬ª —Å–æ—Å—Ç–æ–∏—Ç—Å—è 2 –º–∞—è 2019-–≥–æ.                              ']
18|3270574|–†–∞–π–∞–Ω –†–µ–π–Ω–æ–ª—å–¥—Å –ø–æ–∑–¥—Ä–∞–≤–∏–ª –•—å—é –î–∂–µ–∫–º–∞–Ω–∞ —Å 50-–ª–µ—Ç–∏–µ–º –∫–∞–¥—Ä–æ–º –∏–∑ ¬´–î—ç–¥–ø—É–ª–∞ 2¬ª|–ó–≤–µ–∑–¥–∞ ¬´–õ–æ–≥–∞–Ω–∞¬ª –≤—Å—Ç—Ä–µ—Ç–∏–ª–∞ –¥–µ–Ω—å —Ä–æ–∂–¥–µ–Ω–∏—è –≤–æ —Å–Ω–µ.|['                12 –æ–∫—Ç—è–±—Ä—è –•—å—é –î–∂–µ–∫–º–∞–Ω—É –∏—Å–ø–æ–ª–Ω–∏–ª–æ—Å—å 50 –ª–µ—Ç. –í –∫–∞—á–µ—Å—Ç–≤–µ –ø–æ–∑–¥—Ä–∞–≤–ª–µ–Ω–∏—è —Å —é–±–∏–ª–µ–µ–º –†–∞–π–∞–Ω –†–µ–π–Ω–æ–ª—å–¥—Å –ø–æ–≤–µ—Å–∏–ª –Ω–∞ —Å–≤–æ–µ–π —Å—Ç—Ä–∞–Ω–∏—Ü–µ –≤ Facebook –∫–∞–¥—Ä –∏–∑ ¬´–î—ç–¥–ø—É–ª–∞ 2¬ª —Å –∏–≥—Ä—É—à–∫–æ–π, –∫–æ—Ç–æ—Ä–∞—è –∏–∑–æ–±—Ä–∞–∂–∞–µ—Ç —Å–º–µ—Ä—Ç—å –≥–ª–∞–≤–Ω–æ–≥–æ –≥–µ—Ä–æ—è –≤ —Ñ–∏–Ω–∞–ª–µ ¬´–õ–æ–≥–∞–Ω–∞¬ª. ¬´50 –ª–µ—Ç ‚Äî —ç—Ç–æ –≤–µ–¥—å –¥–µ—Ä–µ–≤–æ, –¥–∞?¬ª, ‚Äî –Ω–∞–ø–∏—Å–∞–ª –∞–∫—Ç–µ—Ä –ø–æ–¥ —Ñ–æ—Ç–æ.', '', '–î–∂–µ–∫–º–∞–Ω –∏ –†–µ–π–Ω–æ–ª—å–¥—Å —É–∂–µ –º–Ω–æ–≥–æ –ª–µ—Ç –ø–æ–¥—à—É—á–∏–≤–∞—é—Ç –¥—Ä—É–≥ –Ω–∞–¥ –¥—Ä—É–≥–æ–º –≤ —Å–æ—Ü—Å–µ—Ç—è—Ö. –í —Å–≤–æ–µ–º –≤—Ä–µ–º—è –≤ —Å–µ—Ç–∏ –ø–æ—è–≤–∏–ª–æ—Å—å –≤–∏–¥–µ–æ, –≥–¥–µ –î—ç–¥–ø—É–ª –º–µ—à–∞–µ—Ç –∑–≤–µ–∑–¥–µ ¬´–í–µ–ª–∏—á–∞–π—à–µ–≥–æ —à–æ—É–º–µ–Ω–∞¬ª –∑–∞–ø–∏—Å—ã–≤–∞—Ç—å –ø–æ–∑–¥—Ä–∞–≤–ª–µ–Ω–∏–µ —Å –¥–Ω–µ–º —Ä–æ–∂–¥–µ–Ω–∏—è, –∞ –î–∂–µ–∫–º–∞–Ω –≤–ø–æ—Å–ª–µ–¥—Å—Ç–≤–∏–∏ –∑–∞–ø–∏—Å–∞–ª —Ä–æ–ª–∏–∫, –≥–¥–µ –æ—á–µ–Ω—å –Ω–µ–æ—Ö–æ—Ç–Ω–æ –ø–æ–∑–¥—Ä–∞–≤–ª—è–ª –∞–≤—Ç–æ—Ä–æ–≤ ¬´–î—ç–¥–ø—É–ª–∞ 2¬ª —Å –≤—ã—Ö–æ–¥–æ–º –∫–∞—Ä—Ç–∏–Ω—ã.', '–°–∞–º –∏–º–µ–Ω–∏–Ω–Ω–∏–∫ –≤ —á–µ—Å—Ç—å –¥–Ω—è —Ä–æ–∂–¥–µ–Ω–∏—è –ø–æ–≤–µ—Å–∏–ª —Ñ–æ—Ç–æ–≥—Ä–∞—Ñ–∏—é —Å–µ–±—è —Å–ø—è—â–µ–≥–æ –∏ –ø–æ–¥–ø–∏—Å–∞–ª: ¬´–ö–æ–≥–¥–∞ –ª—é–¥–∏ –≥–æ–≤–æ—Ä—è—Ç —Ç–µ–±–µ: ‚Äû–¢—ã –Ω–µ –≤—ã–≥–ª—è–¥–∏—à—å –Ω–∞ 50‚Äú, –∏ —Ç—ã –∏–º –¥–∞–∂–µ –Ω–∞—á–∏–Ω–∞–µ—à—å –≤–µ—Ä–∏—Ç—å‚Ä¶ –ü–æ–∫–∞ –Ω–µ –≤–∏–¥–∏—à—å —Å–µ–±—è —Å–ø—è—â–∏–º¬ª.', '', '–†–µ–π–Ω–æ–ª—å–¥—Å —Å–µ–π—á–∞—Å –∑–∞–Ω—è—Ç –Ω–∞ —Å—ä–µ–º–æ—á–Ω–æ–π –ø–ª–æ—â–∞–¥–∫–µ –±–æ–µ–≤–∏–∫–∞ –ú–∞–π–∫–ª–∞ –ë—ç—è 6 Underground.', '']
19|3270543|–¢—Ä–µ—Ç–∏–π —Å–µ–∑–æ–Ω ¬´–ù–∞—Å—Ç–æ—è—â–µ–≥–æ –¥–µ—Ç–µ–∫—Ç–∏–≤–∞¬ª –≤—ã–π–¥–µ—Ç –≤ —è–Ω–≤–∞—Ä–µ 2019-–≥–æ|–ö–∞–Ω–∞–ª —Ç–∞–∫–∂–µ –æ–ø—É–±–ª–∏–∫–æ–≤–∞–ª –Ω–æ–≤—ã–µ –∫–∞–¥—Ä—ã –∏–∑ –ø—Ä–æ–¥–æ–ª–∂–µ–Ω–∏—è –æ—Å—Ç—Ä–æ—Å—é–∂–µ—Ç–Ω–æ–≥–æ —Å–µ—Ä–∏–∞–ª–∞.|['                –¢—Ä–µ—Ç–∏–π —Å–µ–∑–æ–Ω ¬´–ù–∞—Å—Ç–æ—è—â–µ–≥–æ –¥–µ—Ç–µ–∫—Ç–∏–≤–∞¬ª, –¥–µ–π—Å—Ç–≤–∏–µ –∫–æ—Ç–æ—Ä–æ–≥–æ —Ä–∞–∑–≤–µ—Ä–Ω–µ—Ç—Å—è –≤ —Ä–∞–π–æ–Ω–µ –∏–∑–≤–µ—Å—Ç–Ω—è–∫–æ–≤–æ–≥–æ –ø–ª–∞—Ç–æ –û–∑–∞—Ä–∫, —É–≤–∏–¥–∏—Ç —Å–≤–µ—Ç 13 —è–Ω–≤–∞—Ä—è 2019 –≥–æ–¥–∞. –ê–≤—Ç–æ—Ä –∏ —à–æ—É—Ä–∞–Ω–Ω–µ—Ä –∫—Ä–∏–º–∏–Ω–∞–ª—å–Ω–æ–π –∞–Ω—Ç–æ–ª–æ–≥–∏–∏ –ù–∏–∫ –ü–∏—Ü—Ü–æ–ª–∞—Ç—Ç–æ –Ω–∞–ø–∏—Å–∞–ª —Å—Ü–µ–Ω–∞—Ä–∏–π –∏ –ª–∏—á–Ω–æ –ø–æ—Å—Ç–∞–≤–∏–ª –Ω–µ—Å–∫–æ–ª—å–∫–æ —ç–ø–∏–∑–æ–¥–æ–≤ –ø—Ä–æ–¥–æ–ª–∂–µ–Ω–∏—è.', '–ì–ª–∞–≤–Ω—ã–π –≥–µ—Ä–æ–π —Ç—Ä–µ—Ç—å–µ–≥–æ —Å–µ–∑–æ–Ω–∞ ‚Äî –¥–µ—Ç–µ–∫—Ç–∏–≤ –£—ç–π–Ω –•–µ–π–∑ (–ú–∞—Ö–µ—Ä—à–∞–ª–∞ –ê–ª–∏) –∏–∑ –ø–æ–ª–∏—Ü–∏–∏ –°–µ–≤–µ—Ä–æ-–ó–∞–ø–∞–¥–Ω–æ–≥–æ –ê—Ä–∫–∞–Ω–∑–∞—Å–∞. –°–æ–≤–º–µ—Å—Ç–Ω–æ —Å–æ —Å–ª–µ–¥–æ–≤–∞—Ç–µ–ª–µ–º –†–æ–ª–∞–Ω–¥–æ–º –£—ç—Å—Ç–æ–º (–°—Ç–∏–≤–µ–Ω –î–æ—Ä—Ñ—Ñ) –æ–Ω –ø—ã—Ç–∞–µ—Ç—Å—è —Ä–∞–∑–æ–±—Ä–∞—Ç—å—Å—è —Å –∑–∞–≥–∞–¥–æ—á–Ω—ã–º –ø—Ä–µ—Å—Ç—É–ø–ª–µ–Ω–∏–µ–º, —Ä–∞—Å—Ç—è–Ω—É–≤—à–∏–º—Å—è –Ω–∞ —Ç—Ä–∏ –¥–µ—Å—è—Ç–∏–ª–µ—Ç–∏—è –∏ –ø—Ä–æ–∏–∑–æ—à–µ–¥—à–∏–º –Ω–∞ —Ç–µ—Ä—Ä–∏—Ç–æ—Ä–∏–∏ –ø–ª–∞—Ç–æ –û–∑–∞—Ä–∫, —Ä–∞—Å–ø–æ–ª–æ–∂–µ–Ω–Ω–æ–≥–æ –æ–¥–Ω–æ–≤—Ä–µ–º–µ–Ω–Ω–æ –≤ –Ω–µ—Å–∫–æ–ª—å–∫–∏—Ö —à—Ç–∞—Ç–∞—Ö.', '–ü—Ä–µ–º—å–µ—Ä–∞ —Å–µ—Ä–∏–∞–ª–∞ ¬´–ù–∞—Å—Ç–æ—è—â–∏–π –¥–µ—Ç–µ–∫—Ç–∏–≤¬ª —Å–æ—Å—Ç–æ—è–ª–∞—Å—å –≤ —ç—Ñ–∏—Ä–µ HBO –≤ 2014 –≥–æ–¥—É. –ü—Ä–æ–µ–∫—Ç –º–æ–º–µ–Ω—Ç–∞–ª—å–Ω–æ —Å—Ç–∞–ª –ø–æ–ø—É–ª—è—Ä–Ω—ã–º. –ü–æ –±–æ–ª—å—à–µ–π —á–∞—Å—Ç–∏ –±–ª–∞–≥–æ–¥–∞—Ä—è –∞–∫—Ç–µ—Ä—Å–∫–æ–º—É –¥—É—ç—Ç—É –ú—ç—Ç—Ç—å—é –ú–∞–∫–ö–æ–Ω–∞—Ö–∏ –∏ –í—É–¥–∏ –•–∞—Ä—Ä–µ–ª—å—Å–æ–Ω–∞. –ü–µ—Ä–≤—ã–π —Å–µ–∑–æ–Ω, —Å–Ω—è—Ç—ã–π –≤ —Å—Ç–∏–ª–µ —é–∂–Ω–æ–π –≥–æ—Ç–∏–∫–∏, –ø–æ–≤–µ—Å—Ç–≤–æ–≤–∞–ª –æ —Ä–∞—Å—Å–ª–µ–¥–æ–≤–∞–Ω–∏–∏ —Å–µ—Ä–∏–∏ –∑–∞–≥–∞–¥–æ—á–Ω—ã—Ö —É–±–∏–π—Å—Ç–≤.', '–í–æ –≤—Ç–æ—Ä–æ–º —Å–µ–∑–æ–Ω–µ –¥–µ–π—Å—Ç–≤–∏–µ –ø–µ—Ä–µ–Ω–µ—Å–ª–æ—Å—å –≤ –õ–æ—Å-–ê–Ω–¥–∂–µ–ª–µ—Å. –ì–ª–∞–≤–Ω—ã–µ —Ä–æ–ª–∏ –∏—Å–ø–æ–ª–Ω–∏–ª–∏ –ö–æ–ª–∏–Ω –§–∞—Ä—Ä–µ–ª–ª, –†—ç–π—á–µ–ª –ú–∞–∫–ê–¥–∞–º—Å –∏ –í–∏–Ω—Å –í–æ–Ω. –ó—Ä–∏—Ç–µ–ª–∏ –∏ –∫—Ä–∏—Ç–∏–∫–∏ –ø—Ä–∏–Ω—è–ª–∏ –ø—Ä–æ–¥–æ–ª–∂–µ–Ω–∏–µ –ø—Ä–æ—Ö–ª–∞–¥–Ω–æ, –Ω–æ —Ç—Ä–µ—Ç–∏–π —Å–µ–∑–æ–Ω –≤—Å–µ —Ä–∞–≤–Ω–æ —Å—Ç–∞–ª –æ–¥–Ω–∏–º –∏–∑ —Å–∞–º—ã—Ö –æ–∂–∏–¥–∞–µ–º—ã—Ö —Ç–µ–ª–µ–ø—Ä–æ–µ–∫—Ç–æ–≤.', 'HBO —Ç–∞–∫–∂–µ –æ–ø—É–±–ª–∏–∫–æ–≤–∞–ª –Ω–µ—Å–∫–æ–ª—å–∫–æ —Ñ–æ—Ç–æ–≥—Ä–∞—Ñ–∏–π –∏–∑ –Ω–æ–≤–æ–≥–æ —Å–µ–∑–æ–Ω–∞.', '']
20|3270542|–°—ä–µ–º–∫–∏ –±–æ–µ–≤–∏–∫–∞ ¬´–•–æ–±–±—Å –∏ –®–æ—É¬ª: –§—É—Ç—É—Ä–∏—Å—Ç–∏—á–Ω—ã–π –∏ –∑–ª–æ–≤–µ—â–∏–π –ò–¥—Ä–∏—Å –≠–ª—å–±–∞|–¢–∞–∫–∂–µ —Å—Ç–∞–ª–æ –∏–∑–≤–µ—Å—Ç–Ω–æ –∏–º—è –≥–ª–∞–≤–Ω–æ–≥–æ –∑–ª–æ–¥–µ—è –±—É–¥—É—â–µ–≥–æ —Å–ø–∏–Ω-–æ—Ñ—Ñ–∞ ¬´–§–æ—Ä—Å–∞–∂–∞¬ª.|['–î—É—ç–π–Ω –î–∂–æ–Ω—Å–æ–Ω –ø—Ä–æ–¥–æ–ª–∂–∞–µ—Ç –¥–µ—Ä–∂–∞—Ç—å –∑—Ä–∏—Ç–µ–ª—è –≤ –∫—É—Ä—Å–µ —Å—ä–µ–º–æ–∫ —Ñ–∏–ª—å–º–∞ ¬´–•–æ–±–±—Å –∏ –®–æ—É¬ª. –¢–µ–ø–µ—Ä—å –∞–∫—Ç–µ—Ä –ø—Ä–µ–¥—Å—Ç–∞–≤–∏–ª –≥–ª–∞–≤–Ω–æ–≥–æ –∑–ª–æ–¥–µ—è –∫–∞—Ä—Ç–∏–Ω—ã ‚Äî –ë—Ä–∏–∫—Å—Ç–æ–Ω–∞, —Ä–æ–ª—å –∫–æ—Ç–æ—Ä–æ–≥–æ –∏—Å–ø–æ–ª–Ω–∏–ª –ò–¥—Ä–∏—Å –≠–ª—å–±–∞. –ò–º–µ–Ω–Ω–æ –æ–Ω –±—É–¥–µ—Ç –º–µ—à–∞—Ç—å –≥–µ—Ä–æ—è–º –î–∂–æ–Ω—Å–æ–Ω–∞ –∏ –î–∂–µ–π—Å–æ–Ω–∞ –°—Ç—ç–π—Ç–µ–º–∞.', '', ' I learned a long time ago (when I was a very sinful eyebrow raising villainous man in the crazy world of pro wrestling;) that heroes are only as great as their greatest villains. A pleasure to introduce the man himself @idriselba we brought in to our Fast & Furious franchise to wreak havoc, hell and mayhem on our heroes HOBBS & SHAW. The name: BRIXTON. The record: UNDEFEATED. The promise: SHOWDOWN OF ALL SHOWDOWNS. So cool having my brother @idriselba come and play in our sandbox. This one‚Äôs been years in the making! As I always say, we either gonna get along or we gonna get it on‚Ä¶ and fuck getting along üòà #BRIXTON #TheConsequenceAgent #HellRaiser HOBBS & SHAW SUMMER 2019 üì∏ @hhgarcia41', '–ü—É–±–ª–∏–∫–∞—Ü–∏—è –æ—Ç  therock (@therock) 11 –û–∫—Ç 2018 –≤ 2:08 PDT', '¬´–Ø –¥–∞–≤–Ω–æ –ø–æ–Ω—è–ª, –µ—â–µ –∫–æ–≥–¥–∞ –±—ã–ª –Ω–µ–≥–æ–¥—è–µ–º –≤ –±–µ–∑—É–º–Ω–æ–º –º–∏—Ä–µ –ø—Ä–æ—Ñ–µ—Å—Å–∏–æ–Ω–∞–ª—å–Ω–æ–≥–æ —Ä–µ—Å—Ç–ª–∏–Ω–≥–∞, —á—Ç–æ –≥–µ—Ä–æ–∏ —Ö–æ—Ä–æ—à–∏ –ª–∏—à—å –Ω–∞—Å—Ç–æ–ª—å–∫–æ, –Ω–∞—Å–∫–æ–ª—å–∫–æ —Ö–æ—Ä–æ—à –∏—Ö –∑–ª–æ–¥–µ–π, ‚Äî –ø–∏—à–µ—Ç –î–∂–æ–Ω—Å–æ–Ω –≤ –ø–æ–¥–ø–∏—Å–∏ –∫ —Ñ–æ—Ç–æ. ‚Äî –° —É–¥–æ–≤–æ–ª—å—Å—Ç–≤–∏–µ–º –ø—Ä–µ–¥—Å—Ç–∞–≤–ª—è—é –≥–ª–∞–≤–Ω–æ–≥–æ –º—É–∂–∏–∫–∞ –ò–¥—Ä–∏—Å–∞ –≠–ª—å–±—É, –∫–æ—Ç–æ—Ä–æ–≥–æ –º—ã –ø—Ä–∏–≥–ª–∞—Å–∏–ª–∏ –≤ ‚Äû–§–æ—Ä—Å–∞–∂‚Äú, —á—Ç–æ–±—ã –æ–Ω —É—Å—Ç—Ä–æ–∏–ª –Ω–∞—Å—Ç–æ—è—â–∏–π –ø–æ–≥—Ä–æ–º –∏ –∏—Å–ø–æ—Ä—Ç–∏–ª –∂–∏–∑–Ω—å –Ω–∞—à–∏–º –≥–µ—Ä–æ—è–º –≤ ‚Äû–•–æ–±–±—Å–µ –∏ –®–æ—É‚Äú¬ª.', '–ù–µ—Å–º–æ—Ç—Ä—è –Ω–∞ —Ä–µ–≥—É–ª—è—Ä–Ω—ã–µ —Ñ–æ—Ç–æ —Å–æ —Å—ä–µ–º–æ—á–Ω–æ–π –ø–ª–æ—â–∞–¥–∫–∏, —Å–æ–∑–¥–∞—Ç–µ–ª–∏ —Å–ø–∏–Ω-–æ—Ñ—Ñ–∞ –Ω–µ —Ç–æ—Ä–æ–ø—è—Ç—Å—è —Ä–∞—Å–∫—Ä—ã–≤–∞—Ç—å –ø–æ–¥—Ä–æ–±–Ω–æ—Å—Ç–∏ —Å—é–∂–µ—Ç–∞. –ì–µ—Ä–æ—è–º–∏ –±–æ–µ–≤–∏–∫–∞ —Å—Ç–∞–Ω—É—Ç —Å–ø–µ—Ü–∞–≥–µ–Ω—Ç –õ—é–∫ –•–æ–±–±—Å (–î–∂–æ–Ω—Å–æ–Ω) –∏ –º–µ–∂–¥—É–Ω–∞—Ä–æ–¥–Ω—ã–π –ø—Ä–µ—Å—Ç—É–ø–Ω–∏–∫ –î–µ–∫–∞—Ä–¥ –®–æ—É (–°—Ç—ç–π—Ç–µ–º), –∫–æ—Ç–æ—Ä—ã—Ö –∑—Ä–∏—Ç–µ–ª–∏ –≤–∏–¥–µ–ª–∏ –≤ –ø–æ—Å–ª–µ–¥–Ω–∏—Ö —á–∞—Å—Ç—è—Ö —Ñ—Ä–∞–Ω—à–∏–∑—ã ¬´–§–æ—Ä—Å–∞–∂¬ª. –ò–º –ø—Ä–∏–¥–µ—Ç—Å—è –≤–Ω–æ–≤—å –æ–±—ä–µ–¥–∏–Ω–∏—Ç—å —Å–∏–ª—ã, —á—Ç–æ–±—ã –æ—Å—Ç–∞–Ω–æ–≤–∏—Ç—å –æ–ø–∞—Å–Ω–æ–≥–æ –ë—Ä–∏–∫—Å—Ç–æ–Ω–∞ (–≠–ª—å–±–∞). –í–∞–Ω–µ—Å—Å–∞ –ö–∏—Ä–±–∏ (¬´–ú–∏—Å—Å–∏—è –Ω–µ–≤—ã–ø–æ–ª–Ω–∏–º–∞: –ü–æ—Å–ª–µ–¥—Å—Ç–≤–∏—è¬ª) —Å—ã–≥—Ä–∞–µ—Ç —Å–µ—Å—Ç—Ä—É –ø–µ—Ä—Å–æ–Ω–∞–∂–∞ –°—Ç—ç–π—Ç–µ–º–∞.', '–†–µ–∂–∏—Å—Å–µ—Ä—Å–∫–æ–µ –∫—Ä–µ—Å–ª–æ —Å–ø–∏–Ω-–æ—Ñ—Ñ–∞ –∑–∞–Ω–∏–º–∞–µ—Ç –î—ç–≤–∏–¥ –õ–∏—Ç—á, –ø–æ—Å—Ç–∞–Ω–æ–≤—â–∏–∫ ¬´–î—ç–¥–ø—É–ª–∞ 2¬ª, –∞ —Å—Ü–µ–Ω–∞—Ä–∏–π –Ω–∞–ø–∏—Å–∞–ª–∏ –ö—Ä–∏—Å –ú–æ—Ä–≥–∞–Ω –∏ –ì—ç—Ä–∏ –°–∫–æ—Ç—Ç –¢–æ–º–ø—Å–æ–Ω.', '¬´–•–æ–±–±—Å –∏ –®–æ—É¬ª –æ–∂–∏–¥–∞—é—Ç—Å—è –≤ –∫–∏–Ω–æ—Ç–µ–∞—Ç—Ä–∞—Ö 26 –∏—é–ª—è 2019 –≥–æ–¥–∞.', '']
21|3270541|–†–∞–π–∞–Ω –ö—É–≥–ª–µ—Ä –ø–æ—Å—Ç–∞–≤–∏—Ç —Å–∏–∫–≤–µ–ª ¬´–ß–µ—Ä–Ω–æ–π –ü–∞–Ω—Ç–µ—Ä—ã¬ª|–†–µ–∂–∏—Å—Å–µ—Ä –æ—Ä–∏–≥–∏–Ω–∞–ª—å–Ω–æ–π –∫–∞—Ä—Ç–∏–Ω—ã –∑–∞–π–º–µ—Ç—Å—è –ø—Ä–æ–¥–æ–ª–∂–µ–Ω–∏–µ–º.|['–†–∞–π–∞–Ω –ö—É–≥–ª–µ—Ä –≤–µ—Ä–Ω–µ—Ç—Å—è –≤ –í–∞–∫–∞–Ω–¥—É –∏ –ø–æ—Å—Ç–∞–≤–∏—Ç –¥–ª—è Marvel —Å–∏–∫–≤–µ–ª ¬´–ß–µ—Ä–Ω–æ–π –ü–∞–Ω—Ç–µ—Ä—ã¬ª. –†–µ–∂–∏—Å—Å–µ—Ä —Ç–∞–∫–∂–µ –Ω–∞–ø–∏—à–µ—Ç —Å—Ü–µ–Ω–∞—Ä–∏–π –ø—Ä–æ–¥–æ–ª–∂–µ–Ω–∏—è. –û–∂–∏–¥–∞–ª–æ—Å—å, —á—Ç–æ –ö—É–≥–ª–µ—Ä –∑–∞–π–º–µ—Ç—Å—è –≤—Ç–æ—Ä—ã–º —Ñ–∏–ª—å–º–æ–º, –Ω–æ —Ç–µ–ø–µ—Ä—å —Å—Ç—É–¥–∏—è –æ—Ñ–∏—Ü–∏–∞–ª—å–Ω–æ –ø–æ–¥—Ç–≤–µ—Ä–¥–∏–ª–∞ –Ω–∞–∑–Ω–∞—á–µ–Ω–∏–µ.', '¬´–ß–µ—Ä–Ω–∞—è –ü–∞–Ω—Ç–µ—Ä–∞¬ª, —É–≤–∏–¥–µ–≤—à–∞—è —Å–≤–µ—Ç –≤ –Ω–∞—á–∞–ª–µ 2018 –≥–æ–¥–∞, —Å—Ç–∞–ª–∞ –æ–¥–Ω–∏–º –∏–∑ —Å–∞–º—ã—Ö –ø–æ–ø—É–ª—è—Ä–Ω—ã—Ö –ø—Ä–æ–µ–∫—Ç–æ–≤ Marvel. –õ–µ–Ω—Ç–∞ —Ä–∞—Å—Å–∫–∞–∑—ã–≤–∞–µ—Ç –æ –≤—ã–º—ã—à–ª–µ–Ω–Ω–æ–π –∞—Ñ—Ä–∏–∫–∞–Ω—Å–∫–æ–π —Å—Ç—Ä–∞–Ω–µ –í–∞–∫–∞–Ω–¥–µ, –∫–æ—Ç–æ—Ä–∞—è –æ–±–æ–≥–Ω–∞–ª–∞ –ø–æ —Ç–µ—Ö–Ω–æ–ª–æ–≥–∏—á–µ—Å–∫–æ–º—É —Ä–∞–∑–≤–∏—Ç–∏—é –æ—Å—Ç–∞–ª—å–Ω–æ–π –º–∏—Ä –±–ª–∞–≥–æ–¥–∞—Ä—è –∏–Ω–æ–ø–ª–∞–Ω–µ—Ç–Ω–æ–º—É –º–µ—Ç–∞–ª–ª—É. –í–∞–∫–∞–Ω–¥–∞ —Å–∫—Ä—ã—Ç–∞ –æ—Ç –ø–æ—Å—Ç–æ—Ä–æ–Ω–Ω–∏—Ö –≥–ª–∞–∑, –∞ –ø—Ä–∞–≤–∏—Ç –µ–π —Å–ø—Ä–∞–≤–µ–¥–ª–∏–≤—ã–π –¢‚Äô–ß–∞–ª–ª–∞, –∑–∞—â–∏—â–∞—é—â–∏–π —Å–≤–æ—é —Ä–æ–¥–∏–Ω—É –≤ –æ–±–ª–∏–∫–µ –ß–µ—Ä–Ω–æ–π –ü–∞–Ω—Ç–µ—Ä—ã.', '¬´–ß–µ—Ä–Ω–∞—è –ü–∞–Ω—Ç–µ—Ä–∞¬ª —Å—Ç–∞–ª–∞ –≤—Ç–æ—Ä—ã–º —Å–∞–º—ã–º —É—Å–ø–µ—à–Ω—ã–º —Ñ–∏–ª—å–º–æ–º Marvel –≤ 2018 –≥–æ–¥—É, —É—Å—Ç—É–ø–∏–≤ –ø–µ—Ä–≤–æ–µ –º–µ—Å—Ç–æ ¬´–í–æ–π–Ω–µ –±–µ—Å–∫–æ–Ω–µ—á–Ω–æ—Å—Ç–∏¬ª. –§–∏–ª—å–º, —Ç–µ–º –Ω–µ –º–µ–Ω–µ–µ, –ø–æ–∫–∞–∑–∞–ª –≤ –ø—Ä–æ–∫–∞—Ç–µ –æ—Ç–ª–∏—á–Ω—ã–µ —Ä–µ–∑—É–ª—å—Ç–∞—Ç—ã, —Å–æ–±—Ä–∞–≤ 1,3 –º–ª—Ä–¥ –¥–æ–ª–ª–∞—Ä–æ–≤ –∏ –ø–æ–ª—É—á–∏–≤ –±–æ–ª—å—à–æ–µ –∫–æ–ª–∏—á–µ—Å—Ç–≤–æ –ø–æ–ª–æ–∂–∏—Ç–µ–ª—å–Ω—ã—Ö –æ—Ç–∑—ã–≤–æ–≤.', '–ü–æ—Å–ª–µ —Ä–µ–ª–∏–∑–∞ –∫–∞—Ä—Ç–∏–Ω—ã –º–Ω–æ–≥–∏–µ –∑–∞–¥–∞–≤–∞–ª–∏—Å—å –≤–æ–ø—Ä–æ—Å–æ–º, –≤–æ–∑—å–º–µ—Ç—Å—è –ª–∏ –ö—É–≥–ª–µ—Ä –∑–∞ –ø—Ä–æ–¥–æ–ª–∂–µ–Ω–∏–µ. –†–µ–∂–∏—Å—Å–µ—Ä —Å–ø–æ–∫–æ–π–Ω–æ –∏–≥–Ω–æ—Ä–∏—Ä–æ–≤–∞–ª –∑–∞–ø—Ä–æ—Å—ã –∏ –Ω–µ–∑–∞–º–µ—Ç–Ω–æ –ø—Ä–æ–≤–µ–ª –ø–µ—Ä–µ–≥–æ–≤–æ—Ä—ã —Å–æ —Å—Ç—É–¥–∏–µ–π, –∫–æ—Ç–æ—Ä—ã–µ —É—Å–ø–µ—à–Ω–æ –∑–∞–≤–µ—Ä—à–∏–ª–∏—Å—å –Ω–µ–∫–æ—Ç–æ—Ä–æ–µ –≤—Ä–µ–º—è –Ω–∞–∑–∞–¥.', '–°—Ç—É–¥–∏—è –ø–æ–∫–∞ –Ω–µ –æ–±—ä—è–≤–∏–ª–∞ —Ç–æ—á–Ω—É—é –¥–∞—Ç—É —Ä–µ–ª–∏–∑–∞ –¥–ª—è ¬´–ß–µ—Ä–Ω–æ–π –ü–∞–Ω—Ç–µ—Ä—ã 2¬ª. –°–æ–≥–ª–∞—Å–Ω–æ –∏—Å—Ç–æ—á–Ω–∏–∫–∞–º, –ø—Ä–æ–∏–∑–≤–æ–¥—Å—Ç–≤–æ —Å–∏–∫–≤–µ–ª–∞ –¥–æ–ª–∂–Ω–æ –Ω–∞—á–∞—Ç—å—Å—è –≤ –∫–æ–Ω—Ü–µ 2019-–≥–æ ‚Äî –Ω–∞—á–∞–ª–µ 2020-–≥–æ.', '–°–µ–π—á–∞—Å –ö—É–≥–ª–µ—Ä —Ä–∞–±–æ—Ç–∞–µ—Ç –Ω–∞–¥ –¥—Ä–∞–º–æ–π ¬´–ù–µ–≤–µ—Ä–Ω—ã–π –æ—Ç–≤–µ—Ç¬ª, –≥–¥–µ –≤–Ω–æ–≤—å —Å–Ω–∏–º–µ—Ç—Å—è –ø–æ—Å—Ç–æ—è–Ω–Ω—ã–π –∞–∫—Ç–µ—Ä —Ä–µ–∂–∏—Å—Å–µ—Ä–∞ –ú–∞–π–∫–ª –ë. –î–∂–æ—Ä–¥–∞–Ω. –ö—É–≥–ª–µ—Ä —Ç–∞–∫–∂–µ —Å–ø—Ä–æ–¥—é—Å–∏—Ä—É–µ—Ç —Å–∏–∫–≤–µ–ª ¬´–ö–æ—Å–º–∏—á–µ—Å–∫–æ–≥–æ –¥–∂–µ–º–∞¬ª.', 'THR', '']
22|3270310|–¢–∏–∑–µ—Ä-—Ç—Ä–µ–π–ª–µ—Ä ¬´–ê–ª–∞–¥–¥–∏–Ω–∞¬ª: –ê—Ä–∞–±—Å–∫–∞—è –Ω–æ—á—å, –≤–æ–ª—à–µ–±–Ω—ã–π –í–æ—Å—Ç–æ–∫|–ò–≥—Ä–æ–≤–æ–π —Ä–µ–º–µ–π–∫ –¥–∏—Å–Ω–µ–µ–≤—Å–∫–æ–π –∫–ª–∞—Å—Å–∏–∫–∏ –æ–∂–∏–¥–∞–µ—Ç—Å—è –≤ –∫–∏–Ω–æ—Ç–µ–∞—Ç—Ä–∞—Ö 22 –º–∞—è.|['                –ú–æ–ª–æ–¥–æ–π –≤–æ—Ä–∏—à–∫–∞ –ê–ª–∞–¥–¥–∏–Ω (–ú–µ–Ω–∞ –ú–∞—Å—Å—É–¥) –∂–∏–≤–µ—Ç –Ω–∞ —É–ª–∏—Ü–∞—Ö –∂–∞—Ä–∫–æ–π –ê–≥—Ä–∞–±—ã –∏ –º–µ—á—Ç–∞–µ—Ç –∫–æ–≥–¥–∞-–Ω–∏–±—É–¥—å –ø–æ—Å–µ–ª–∏—Ç—Å—è –≤ —Ä–æ—Å–∫–æ—à–Ω—ã—Ö –ø–∞–ª–∞—Ç–∞—Ö —Å—É–ª—Ç–∞–Ω—Å–∫–æ–≥–æ –¥–≤–æ—Ä—Ü–∞. –ù–µ–æ–∂–∏–¥–∞–Ω–Ω–æ –∫ –Ω–µ–º—É –∑–∞ –ø–æ–º–æ—â—å—é –æ–±—Ä–∞—â–∞–µ—Ç—Å—è –∑–∞–≥–∞–¥–æ—á–Ω—ã–π —Å—Ç–∞—Ä–∏–∫, –∫–æ—Ç–æ—Ä—ã–π —Å—É–ª–∏—Ç —é–Ω–æ—à–µ –Ω–µ—Å–º–µ—Ç–Ω—ã–µ –±–æ–≥–∞—Ç—Å—Ç–≤–∞, –µ—Å–ª–∏ —Ç–æ—Ç –ø–æ–º–æ–∂–µ—Ç –µ–º—É –¥–æ—Å—Ç–∞—Ç—å –∏–∑ –≤–æ–ª—à–µ–±–Ω–æ–π –ø–µ—â–µ—Ä—ã —Å—Ç–∞—Ä—É—é –ª–∞–º–ø—É.', '–ê–ª–∞–¥–¥–∏–Ω –∏ –Ω–µ –ø–æ–¥–æ–∑—Ä–µ–≤–∞–µ—Ç, —á—Ç–æ –ø–æ–¥ –ª–∏—á–∏–Ω–æ–π —Å—Ç–∞—Ä—Ü–∞ —Å–∫—Ä—ã–≤–∞–µ—Ç—Å—è –≤–∏–∑–∏—Ä—å –ê–≥—Ä–∞–±—ã –î–∂–∞—Ñ–∞—Ä (–ú–∞—Ä–≤–∞–Ω –ö–µ–Ω–∑–∞—Ä–∏), –∞ –ª–∞–º–ø–∞ ‚Äî —Å–æ—Å—É–¥ –¥–ª—è –º–æ–≥—É—â–µ—Å—Ç–≤–µ–Ω–Ω–æ–≥–æ –¥–∂–∏–Ω–Ω–∞, —Å–ø–æ—Å–æ–±–Ω–æ–≥–æ –∏—Å–ø–æ–ª–Ω–∏—Ç—å –ª—é–±–æ–µ –∂–µ–ª–∞–Ω–∏–µ —Å–≤–æ–µ–≥–æ —Ö–æ–∑—è–∏–Ω–∞. –î–∂–∞—Ñ–∞—Ä –ø–ª–∞–Ω–∏—Ä—É–µ—Ç —Å –µ–≥–æ –ø–æ–º–æ—â—å—é –∑–∞—Ö–≤–∞—Ç–∏—Ç—å –≤–ª–∞—Å—Ç—å, –Ω–æ –≤–º–µ—Å—Ç–æ —ç—Ç–æ–≥–æ –ª–∞–º–ø–∞ –æ–∫–∞–∑—ã–≤–∞–µ—Ç—Å—è —É –≤–æ—Ä–∏—à–∫–∏. –í —Å–∫–æ—Ä–æ–º –≤—Ä–µ–º–µ–Ω–∏ –≤ –ê–≥—Ä–∞–±–µ –ø–æ—è–≤–∏—Ç—Å—è –Ω–æ–≤—ã–π –∑–∞–≥–∞–¥–æ—á–Ω—ã–π –ø—Ä–∏–Ω—Ü, –∫–æ—Ç–æ—Ä—ã–π –∂–µ–ª–∞–µ—Ç –≤–∑—è—Ç—å –≤ –∂–µ–Ω—ã –ø—Ä–∏–Ω—Ü–µ—Å—Å—É –ñ–∞—Å–º–∏–Ω (–ù–∞–æ–º–∏ –°–∫–æ—Ç—Ç).', '–î—É–±–ª–∏—Ä–æ–≤–∞–Ω–Ω—ã–π —Ç—Ä–µ–π–ª–µ—Ä:', '', '–û—Ä–∏–≥–∏–Ω–∞–ª—å–Ω—ã–π —Ç—Ä–µ–π–ª–µ—Ä:', '', '¬´–ê–ª–∞–¥–¥–∏–Ω¬ª –ì–∞—è –†–∏—á–∏ ‚Äî –∏–≥—Ä–æ–≤–æ–π —Ä–µ–º–µ–π–∫ –∫–ª–∞—Å—Å–∏—á–µ—Å–∫–æ–≥–æ –º—É–ª—å—Ç—Ñ–∏–ª—å–º–∞ 1992 –≥–æ–¥–∞. –ê–Ω–∏–º–∞—Ü–∏–æ–Ω–Ω–∞—è –ª–µ–Ω—Ç–∞ –æ–∫–∞–∑–∞–ª–∞—Å—å –Ω–∞—Å—Ç–æ—è—â–∏–º —Ö–∏—Ç–æ–º –ø—Ä–æ–∫–∞—Ç–∞, —Å–æ–±—Ä–∞–≤ –≤ –º–∏—Ä–µ 504 –º–ª–Ω –¥–æ–ª–ª–∞—Ä–æ–≤ –ø—Ä–∏ –±—é–¥–∂–µ—Ç–µ –≤ 28 –º–ª–Ω –¥–æ–ª–ª–∞—Ä–æ–≤. ¬´–ê–ª–∞–¥–¥–∏–Ω¬ª –±—ã–ª –Ω–æ–º–∏–Ω–∏—Ä–æ–≤–∞–Ω –Ω–∞ –ø—Ä–µ–º–∏—é ¬´–û—Å–∫–∞—Ä¬ª –∏ –¥–∞–∂–µ –æ–¥–µ—Ä–∂–∞–ª –ø–æ–±–µ–¥—É –≤ –∫–∞—Ç–µ–≥–æ—Ä–∏—è—Ö ¬´–õ—É—á—à–∞—è –ø–µ—Å–Ω—è¬ª –∏ ¬´–õ—É—á—à–∏–π –æ—Ä–∏–≥–∏–Ω–∞–ª—å–Ω—ã–π —Å–∞—É–Ω–¥—Ç—Ä–µ–∫¬ª.', '–í–ø–æ—Å–ª–µ–¥—Å—Ç–≤–∏–∏ Disney –≤—ã–ø—É—Å—Ç–∏–ª–∞ –Ω–µ—Å–∫–æ–ª—å–∫–æ –ø—Ä–æ–¥–æ–ª–∂–µ–Ω–∏–π, –Ω–æ —Ç–æ–ª—å–∫–æ —Ç—Ä–µ—Ç—å—è —á–∞—Å—Ç—å, ¬´–ê–ª–∞–¥–¥–∏–Ω –∏ –∫–æ—Ä–æ–ª—å —Ä–∞–∑–±–æ–π–Ω–∏–∫–æ–≤¬ª, —Å–º–æ–≥–ª–∞ —Å—Ä–∞–≤–Ω–∏—Ç—å—Å—è —Å –æ—Ä–∏–≥–∏–Ω–∞–ª–æ–º –ø–æ –∫–∞—á–µ—Å—Ç–≤—É. –ú—É–ª—å—Ç—Ñ–∏–ª—å–º —Ç–∞–∫–∂–µ —Å—Ç–∞–ª –æ—Å–Ω–æ–≤–æ–π –¥–ª—è –º—É–ª—å—Ç—Å–µ—Ä–∏–∞–ª–∞, –∫–æ—Ç–æ—Ä—ã–π –ø—Ä–æ—Å—É—â–µ—Å—Ç–≤–æ–≤–∞–ª —Ç—Ä–∏ —Å–µ–∑–æ–Ω–∞.', '¬´–ê–ª–∞–¥–¥–∏–Ω¬ª —É–≤–∏–¥–∏—Ç —Å–≤–µ—Ç 22 –º–∞—è 2019 –≥–æ–¥–∞.', '']
